急聘销售：底薪5000起+提成+双休,上海翼宇影视服务有限公司,8000.0
大数据销售经理,上海劲轩商务有限公司,6000.0
物流文员,上海梭丽文化传播有限公司,3000.0
助理项目经理,艺巢公司（ATCHAIN）,4000.0
销售代表,上海墨联信息科技有限公司,6000.0
项目助理,上海同高信息技术有限公司,5000.0
外贸 国际峰会 会议销售 英文,泽为资讯集团（SZ&W Group）,10000.0
电子书编辑,圣才电子书（武汉）有限公司,5000.0
普工操作工（提供食宿）,上海欢印数码科技有限公司,5000.0
行政前台,上海魔铠信息科技有限公司,3000.0
PR Assistant 公关助理,上海仟驰公关顾问有限公司,3000.0
动漫展接待签到协助服务员300日结,上海保逸会展服务有限公司,6600.0
会展现场执行,上海威盾会议服务有限公司,3000.0
前台接待,广州市顶悦餐饮管理有限责任公司上...,3000.0
新人底薪5000起-年薪百万不是梦-商铺销售,中原地产（中国上海）,10000.0
文案/创意策划（线下）,上海景睿营销策划股份有限公司,8000.0
文案专员,浙江乐游旅游文化发展有限公司,4500.0
市场拓展经理,上海红鱼信息技术有限公司,10000.0
导演助理,上海联游幕传播有限公司,5000.0
客户助理,上海锦美广告有限公司,4000.0
采购助理,上海市微尘文化传播有限公司,5000.0
数据专员,上海声画文化传播有限公司,6000.0
儿童剧演员,上海广涌文化艺术发展有限公司,3500.0
销售,东方IC,7000.0
客户执行,上海尚因文化传播有限公司,4000.0
设计助理,上海新鹏电脑设计服务有限公司,4000.0
销售专员,上海贝富文化传播有限公司,8000.0
高档西餐厅服务员（Senior Waiter/Waitres),薇婷故事（上海）文化发展有限公司,6000.0
客户执行,上海澜秀文化传播有限公司,6000.0
采购助理,班肯实业（上海）有限公司,4500.0
文案-新媒体,上海隆创文化传播有限公司,3500.0
渠道经理/APP推广/销售代表,上海漱石信息技术有限公司,5000.0
编辑助理/杂志编辑,上海集讯广告传播有限公司,4500.0
教务老师\课程顾问,上海小螳螂文化传播有限公司,6000.0
小学老师,上海百花教育培训有限公司,5000.0
网页设计,上海车经广告传媒有限公司,4500.0
策划助理,上海鼎筑文化传播有限公司,2000.0
销售代表,上海堂玺文化发展有限公司,5000.0
国际销售,ECV International,6666.666666666666
库管员,中国图书进出口上海公司,4500.0
管理培训生（Trainee）,北京康斯泰克广告有限公司,4500.0
销售储备干部（应届生亦可）,上海翔绪企业管理有限公司,6000.0
人事助理,上海朵麦文化发展有限公司,4500.0
新媒体推广专员,上海灯鑫文化传播有限公司,4500.0
淘宝客服/天猫客服/售前客服,上海仓尽空电子商务有限公司,4500.0
工业/产品设计师（应届生）,上海圆塔工业设计有限公司,3000.0
平面设计助理,上海逸诚文化传播有限公司,4500.0
销售助理,本领（上海）文化传媒有限公司,4500.0
活动执行,上海卓昕文化传播有限公司,4000.0
内容运营助理,上海要灵网络科技有限公司,4000.0
培训支持,公司名,0
行政专员,飞斯利数码（上海）软件服务有限公司,6000.0
销售顾问（无责任底薪5000+660补贴+300全勤）,韫泽文化传媒（上海）有限公司,3000.0
设备操作工(提供住宿),上海旭贵实业有限公司,10000.0
电视监播员,上海纵驰电子有限公司,5000.0
网络主播（只限***）,上海龙韵广告传播股份有限公司,2200.0
活动执行专员,上海歌尧文化传媒有限公司,15000.0
助理研究员,上海玩童会信息科技有限公司,4500.0
文员,上海睿科市场调查服务有限公司,4500.0
广告商务公关,上海欧锐信息咨询有限公司,3500.0
财务充值专员,上海伊人广告有限公司,6000.0
商务专员,上海天擎信息技术有限公司,3500.0
网络销售专员,上海敬贤信息科技有限公司,4500.0
流程专员,上海竞盈商务咨询有限公司,5000.0
平面设计助理/摄影,北京派瑞威行广告有限公司上海办事处,4000.0
临促/导购/热卖员,上海外滩广告装潢有限公司,3000.0
项目助理,上海普朗广告有限公司,3300.0
会展销售专员,上海翔和文化传播有限公司,4500.0
旅游顾问（上海悠迪旅行社有限公司）,上海展达文化传播有限公司,5000.0
新媒体编辑,上海蓝梦广告传播股份有限公司,4000.0
大客户销售,上海齐澄教育科技有限公司,4000.0
会务总监,东方福利网,8333.333333333334
托班老师,上海沁漫文化传媒有限公司,8000.0
媒介助理,上海星亮文化传播有限公司,6000.0
空间设计师,上海畅效网络科技有限公司,4500.0
资深美食编辑,上海启佑文化传播有限公司,3000.0
市场管理培训生,迈醍传媒,8000.0
咨询顾问（人力资源研究和调研方向）,上海商图信息咨询有限公司,2000.0
西餐厨师/学徒,上海智享会商务服务有限公司,8000.0
电话销售/展会销售,上海朴器营销策划有限公司,3500.0
高薪招情趣私房内衣模特,上海尚纲会展有限公司,4500.0
销售代表,杭州市下城区康酷摄影工作室,22000.0
（川沙）早教老师/助教（鲱鱼宝宝早教中心）,上海碧康商务咨询有限公司,8000.0
网络销售,上海迎馨文化传媒有限公司,4000.0
少儿美术老师,上海小森印刷有限公司,5000.0
国内供应链商务担当、松下项目支援,上海鱼伯文化传播有限公司,4000.0
初级文案/编辑,上海中智广告有限公司,3500.0
助理,上海恒奕和创营销策划有限公司,3000.0
采购部文员,上海博家广告有限公司,3000.0
国际会议销售,上海路音季文化传媒有限公司,4500.0
客服,上海高登企业发展有限公司,6000.0
艺术品质量管理,易生文化传播（上海）有限公司,3500.0
互联网销售代表,上海对比窗艺术品有限公司,4500.0
网站和微信编辑,上海芈洮信息科技有限公司,8000.0
美术老师,上海悠骊商务咨询有限公司,4500.0
二次元ACG动漫周边平面设计师（须有出众的绘画能力）,上海漪韵文化艺术发展有限公司,4500.0
幼师,上海洁源实业有限公司,5000.0
儿童美术教师助教,上海独跃企业管理有限公司,5000.0
网络推广,上海纳艺文化传播有限公司,3000.0
销售经理,上海茉莉花开摄影有限公司,3000.0
工业产品设计师,上海二十一城广告传媒有限公司,4000.0
客户主管,公司名,0
项目执行/协调人员（可招应届大学生）,上海汉仁工业产品设计有限公司,4500.0
视频助理/视频运营专员,上海唐基广告有限公司,4000.0
户外媒介购买（急招）,上海利屺文化传播有限公司,3000.0
设计助理,上海三只熊网络科技有限公司,3000.0
销售专员/销售代表,上海聚龙广告有限公司,5000.0
行政前台,HONG KONG D&P DESIGN,4000.0
销售/展览业务员/销售代表,上海检风文化传媒有限公司,8000.0
海外运营专员  (松江万达),上海旺翔文化传媒股份有限公司,3500.0
行政前台,上海合景展览展示服务有限公司,6000.0
客户执行-Intern,上海创蓝文化传播有限公司,6000.0
助理培训师/助理咨询师,飞碟视界传媒科技（上海）有限公司,4000.0
媒介企划执行,奥信常客策划顾问（上海）有限公司,3300.0
国际峰会销售顾问（年薪10-20W),艾加（上海）文化传播有限公司,4000.0
网络客服,上海前景传媒股份有限公司,4500.0
央企直聘售后专员月薪6000,决策者（CDMC）,10000.0
财务出纳,上海志存文化传播有限公司,4000.0
媒介主任,中国人寿保险股份有限公司上海市浦...,6000.0
媒体专员,一企非凡（上海）企业登记代理有限...,4000.0
财务文员（劳务派遣）,北京时空视点整合营销顾问股份有限...,4000.0
HZ-财务文员（劳务派遣）,上海宝锦文化传播有限公司,3000.0
销售,中青旅上海国际旅行社有限公司,4500.0
影楼理件人员,中青旅(上海)国际会议展览有限公司,4500.0
项目结算,ESAY易赛体育传媒,4000.0
安装普工,上海徕仲影像科技有限公司,3000.0
总经理助理,上海哲基数字科技有限公司,2000.0
活动执行专员（道具/家具，带工厂）,上海诺尔文化传播有限公司,3000.0
数据库管理员,上海康肯市场营销有限公司,4500.0
质检员,上海奥辰广告有限公司,6000.0
高薪聘请电话客服,CJ CGV国际影城中国总部,6000.0
新媒体客服,赤蓝商贸（上海）有限公司,5833.333333333334
财务行政助理,上海州易信息科技有限公司,20000.0
销售,上海锐普广告有限公司,4000.0
商务助理,上海简至商务咨询有限公司,4500.0
记者-北京国贸,上海鸿博广告传播有限公司,8000.0
结构设计师,赤灵数字科技（上海）有限公司,3000.0
背景音乐销售,上海舜联文化传播有限公司,6000.0
DIY烘焙师/店员/营业员,上海利矢展示设计有限公司,8000.0
文案策划/宣传,深圳市太华世纪文化传播有限公司,5000.0
媒介执行,艺厨乐（上海）文化创意有限公司,4500.0
编剧,上海美术电影制片厂有限公司,3000.0
广告执行,上海艾摩信息技术有限公司,6000.0
Web开发工程师,上海泰珲文化传播有限公司,4500.0
销售,上海达氪车网络科技有限公司,2000.0
前台,Phoceis,15000.0
三维设计师,上海迎河展览服务有限公司,3000.0
前台行政 急招,上海温御文化传播有限公司,4000.0
会员卡销售/高端会员销售,上海星索广告传媒有限公司,8000.0
出纳,上海万怡会展管理股份有限公司,3000.0
平面设计师,上海丽亿商贸有限公司,5000.0
销售代表,上海圣岚广告有限公司,3000.0
SEM专员,公司名,0
初级设计师,上海爱扬文化传播有限公司,3000.0
课程销售,上海百便文化传播有限公司,8000.0
国际展会推广专员,上海创彩广告有限公司,5000.0
前台接待-上海虹口中心,赋逊室内设计咨询（上海）有限公司,4000.0
行政助理兼前台 Admin Assistant/ Receptionist,上海罗乐松萌文化传媒有限公司,10000.0
英语翻译,布莱格会展服务（上海）有限公司,6000.0
现场执行,爱贝国际少儿英语,3000.0
展览项目经理,北京葛瑞传众广告有限公司上海分公司,3000.0
媒体销售,上海璞锐公关策划咨询有限公司,4500.0
人事助理,上海缤蓝商务咨询有限公司,4500.0
网络推广专员,视博国际展览,5000.0
案场销售,上海视杰文化传播有限公司,4000.0
行政内勤,上海读客图书有限公司,2200.0
售后客服,迈学文化传播（上海）有限公司,3000.0
海外市场拓展及翻译,上海左屋右盛房地产咨询有限公司,10000.0
前台文员,上海明致广告有限公司,4500.0
销售专员（可出差）,古摄影,5000.0
PR Intern (Fashion & Luxury),昆山迈吉兴建筑设计有限公司,3000.0
前台/总机/接待生,上海星芮文化传播有限公司,3000.0
Chinese export of cross-border e-commerce,上海聚鹏科技有限公司,6000.0
店员,Activation Group,2000.0
管培生（市场方向）,上海然也影视文化有限公司,3000.0
销售管理培训生（年薪10W）,爱德威广告（上海）有限公司,2000.0
3D设计师,读者（上海）文化创意有限公司,4000.0
项目助理,广东砖头创客文化传媒有限公司,4000.0
AE（广告执行）,上海泽P公关策划有限公司,6000.0
人事助理,上海迪康广告传播有限公司,3000.0
新媒体专员,上海万池文化传播有限公司,3000.0
销售代表,上海万媒文化传播有限公司,3000.0
经纪人,上海颂诚网络科技有限公司,4000.0
俱乐部总经理助理,全耀体育文化发展（上海）有限公司,6000.0
人力资源助理,上海日欣文化传媒有限公司,3000.0
公关专员,上海传翔文化传媒有限公司,4500.0
化妆师助理,EDG电子竞技俱乐部,6000.0
业务跟单,华东师范大学出版社有限公司,5000.0
用户运营专员,上海艾森营销咨询有限公司,3000.0
财经资讯编辑,上海美风网络科技有限公司,2000.0
自由投稿人,易乐（上海）商贸有限公司,3500.0
文案专员,上海太微文化传播有限公司,6000.0
Android开发工程师,上海梵潇网络科技有限公司,6000.0
财务助理,众旅云商（北京）网络科技有限公司,1500.0
计算机维护工程师(硬件),上海玄一堂广告有限公司,5000.0
电话销售,上海豆萌科技有限公司,13000.0
茶艺师,上海智子信息科技股份有限公司,4500.0
客户执行AE,人民数字科技产业有限公司,4000.0
市场部助理,上海熔煌体育文化发展有限公司,8000.0
天猫化妆品店铺管理人员,上海刚泰文化集团有限公司,4500.0
IT助理,上海灵朗广告有限公司,3000.0
网络管理员,上海正恒文化传播有限公司,3000.0
艺术品处理员,上海露倩广告有限公司,3000.0
行政助理,公司名,0
BD（应届生）,上海市国际展览有限公司,4500.0
客户助理,上海新可风文化传播有限公司,4500.0
前台,上海西岸艺术品保税发展有限公司,5000.0
Finance Intern,东方美谷企业集团上海文化传媒有限...,4000.0
课程销售代表（4K+免费享受音乐课程）,唯存（上海）网络科技有限公司,7000.0
销售代表艺术品收藏品,上海溪菱文化传播有限公司,3000.0
涉外项目助理,上海颛鑫娱乐有限公司,4500.0
人力资源助理,Nurun China,2200.0
微信运营专员,上海韶英教育科技有限公司,6000.0
经理助理,上海东藏文化传播有限公司,8000.0
艺术品包装工,上海艾旷数字科技有限公司,4000.0
网站编辑/网站营运专员,上海泊瑞锶品牌策划有限公司,3000.0
项目助理,上海爱堡文化传播有限公司,3000.0
翻译/本地化项目经理,上海御书楼文化传播中心,4000.0
客服文员,上海特锐艺术展览服务有限公司,5000.0
广告制作执行 学徒,上海诺盖斯展览策划有限公司,3000.0
建筑动画师,上海寅虎广告有限公司,2000.0
文案 （蚂蚁财富,上海创凌翻译服务有限公司,5000.0
应届毕业生（销售）,上海中撼市场营销策划有限公司,4500.0
行政前台,上海硕美广告有限公司,3000.0
销售助理,上海艺闪数字科技有限公司,5000.0
大客户经理,上海千守营销策划有限公司,4500.0
品牌陈列师,上海新云传媒股份有限公司,3500.0
项目执行/项目助理,上海绿数网络科技有限公司,4500.0
产品研发助理,北京众览无限传媒广告有限公司上海...,4000.0
项目助理,上海麓溢广告传媒有限公司,6000.0
运营专员(内容运营中心）,上海骏腾广告有限公司,7000.0
行政助理/文员,北京绮丽景睿营销策划有限公司,4500.0
市场渠道专员（挑战高薪）,上海臻展文化发展有限公司,4400.0
经纪人助理（外勤）,上海盛事会展服务有限公司,3000.0
展览设计师,深圳新房网络科技有限公司,4000.0
早教中心课程顾问/顾问/销售顾问/销售/亲子游泳,上海可的广告有限公司,3000.0
钢琴/吉它/古筝/小提琴老师,上海矜能培训学校有限公司,8000.0
KA销售代表,上海英模文化发展有限公司,3500.0
连锁舞蹈教室课程顾问嘉定宝龙广场店,上海谊佳企业形象策划有限公司,5000.0
公司助理,上海童游文化传播有限公司,8000.0
数据处理人员(上海),上海慕言文化传播有限公司,6000.0
应收专员 AR accountant,新锐营（上海）企业发展有限公司,6000.0
储备工程师,明翼舞蹈（美舞（上海）文化传播有...,4000.0
校区助理 教务老师 （长宁校）,上海萌萌兔文化传播有限公司,4500.0
前厅服务员/店员,伺动营销科技(上海)有限公司,6666.666666666666
售后客服,英富曼企业管理（上海）有限公司,4500.0
广告文案,上海赛野展览展示有限公司,3000.0
文案策划,小主人企业管理（上海）有限公司,6000.0
售后服务/技术支持/售前咨询（带薪年假）,上海飞腾文化传播有限公司,3500.0
前台接待/总机/接待生,大星（上海）文化传媒有限公司,5000.0
制片助理,上海和声广告有限公司,3000.0
行政专员兼前台,上海倍士图数码图文有限公司,8000.0
行政专员/助理/前台,北京鸿特卓博咨询服务有限公司,5000.0
三维模型师,上海丝芭文化传媒有限公司,4500.0
前台/行政助理,公司名,0
客户专员/市场拓展专员/销售专员,上海贝思诺广告有限公司,4500.0
摄影助理,春律互联网金融信息服务（上海）有...,4500.0
平面设计师助理,上海景桥文化传播有限公司,4500.0
行政助理(工作地点：静安区）,上海安鲁展览展示有限公司,4000.0
漫画编剧/漫画编辑,上海笔克联动市场策划咨询有限公司,2000.0
前台文秘,上海申慕企业形象策划有限公司,4000.0
销售经理/主管/业务员,路玲（上海）文化传播有限公司,4000.0
电梯广告监测员/广告上画员,精亚平面设计（上海）有限公司,3000.0
幼教,上海隆缔文化传媒有限公司,3800.0
文案,上海天幕星映文化传媒有限公司,4000.0
前台行政兼试衣模特,上海墨点广告设计有限公司,4500.0
财务助理,中投视讯文化传媒（上海）有限公司,4000.0
业务助理,捷众广告（上海）股份有限公司,3500.0
电话销售,上海脑立方文化传播有限公司,4000.0
管培生（客户执行/AE）,堂皇机构・地壹行,4500.0
内贸销售/网络销售,上海麦隆文化传播有限公司,11000.0
动漫展会销售,上海锦辉艺术传播股份有限公司,4500.0
出纳员,上海大诚印刷有限公司,4500.0
销售代表,上海亚东会展服务有限公司,3000.0
虚幻UE4技术（VR）,上海博望广告有限公司,5000.0
Digital Buyer,酷景传媒（上海）有限公司,3000.0
平面设计师/设计师助理,上海漫人文化传播有限公司,6000.0
网络主播（提供住宿）,上海尚岳广告有限公司,4000.0
销售助理,中菲联合投资有限公司,4500.0
iOS开发工程师,实野信息科技（上海）有限公司,2500.0
行政助理兼前台,北京恒美广告有限公司上海分公司,4500.0
前台,上海宜德展览服务有限公司,3000.0
培训助理,鼎亿时代（天津）,5000.0
印前完稿,上海明阔电子科技有限公司,4000.0
灵思上海――出纳,百视通网络电视技术发展有限责任公司,10000.0
销售工程师,汉诺威米兰展览（上海）有限公司,4800.0
网络采购专员,上海源品文化传媒有限公司,4500.0
人事行政助理,上海嘉捷广告有限公司,6000.0
Brand Naming Intern,上海颐阳广告有限公司,6000.0
销售助理,灵思云途营销顾问股份有限公司,5000.0
人事行政专员,上海阜康文化传播有限公司,4000.0
活动执行专员,上海宽创国际文化创意有限公司,6000.0
品牌内容营销专员,上海雨吉文化传媒股份有限公司,4500.0
专职摄像师,上海朗标企业管理咨询有限公司,2200.0
销售专员,上海鼎世展览展示有限公司,4500.0
市场推广专员,上海金玛银来企业发展有限公司,4500.0
设计师,上海乐拜网络科技有限公司,4500.0
项目助理,上海汉跃广告有限公司,3000.0
平面设计师,上海维戈文化传媒有限公司,8000.0
海外会议销售,上海索涵智能科技有限公司,4500.0
项目助理,上海捷信医药科技股份有限公司,7000.0
平面设计师,上海华扬睿世创意发展有限公司,5000.0
海外会议销售,普乐师（上海）数字科技股份有限公司,4000.0
产品推广/产品助理/产品运营/产品策划专员,上海蓝色回响广告有限公司,4000.0
SEM专员,上海英致商务咨询有限公司,4500.0
行政助理,公司名,0
信审专员/信用审核/风险控制（工作餐+班车接送）,普乐师（上海）数字科技股份有限公司,4000.0
效果设计/原画师,上海蓝色回响广告有限公司,4000.0
运营专员,上海英致商务咨询有限公司,4500.0
计调专员,北京尚可卓博信息科技有限公司,6500.0
Dancebaby前台,灵硕集团控股有限公司,4500.0
上海高校推广,iEVER,2000.0
场地执行（豪霆赛车）,智窝（上海）信息科技有限公司,6000.0
签约演员.模特.歌手（宣传推广）,上海濮瑞文化创意有限公司,5000.0
助理教练（足球培训）,上海银橙文化传媒股份有限公司,4500.0
课程专员 （***、在校大学生）,上海国际广告展览有限公司,4000.0
法务助理,上海舞雅文化传播有限公司,4500.0
行政前台,心触动（武汉）科技有限公司,4500.0
预备教师/教务运营,深圳市三源色文化传播有限公司,4500.0
少儿英语助教老师,北京龙族星工厂娱乐有限公司,6666.666666666666
网络推广专员,佳兆业文化体育发展有限公司,4500.0
媒介专员,上海有块文化传媒有限公司,4400.0
高级销售助理,上海星期网络科技有限公司,3000.0
网络推广专员,上海翼得营销策划有限公司,4000.0
电话销售,上海弈童天地文化传媒有限公司,3000.0
咨询顾问,上海蝶鸣文化艺术发展有限公司,4500.0
展览业务员,上海来凹网络科技有限公司,6000.0
行政专员,上海锦汉广告传播有限公司,4000.0
淘宝客服助理,上海东品投资有限公司,4000.0
财经资讯编辑,上海星拓文化传播有限公司,4500.0
电话销售3500元无责任底薪,Adventi鸿,4500.0
后厨厨工,上海微阵科技有限公司,6000.0
巡检/维修工程师,上海耀生艺术设计有限公司,3000.0
品牌推广专员,上海亿迈广告传播有限公司,4000.0
天极网网站编辑,上海魔方企业形象设计有限公司,3000.0
视频制作,上海鸣应信息技术有限公司,4500.0
活动策划,上海绿览信息技术有限公司,3000.0
销售代表,上海熠蕤文化传播有限公司,4000.0
助理系统集成师,红星美凯龙集团媒体运营中心,5000.0
客户主任,上海景上数码科技有限公司,3000.0
广告AE,上海天极立特广告信息有限公司,6000.0
国外展览项目助理,上海晋荣智能科技有限公司,6000.0
前台接待,上海源创房屋销售有限公司,5000.0
网络客服专员,力方国际,3000.0
图片后期/美工（欢迎优秀的应届毕业生）,力方国际-上海公司,4500.0
行政前台,上海熙扬市场营销策划有限公司,6000.0
生产文员,上海凸版广告有限公司,4000.0
经理助理,上海幸运星展览服务有限公司,4000.0
咨询助理,江苏金声水起营销策划有限公司,3500.0
社交媒体助理,上海佳责文化传媒有限公司,3000.0
送餐员 提供住宿车（8000元饿了么直招）,上海鼎邦摄影有限公司,3000.0
市场专员（000596）,上海次维文化传播有限公司,3000.0
总监助理,上海利霸电子科技有限公司,4500.0
Marketing Executive 市场主管,贝宜秀（上海）文化娱乐有限公司,4500.0
SH-客户主任（公关，新媒体）,AGE艾加国际金融咨询集团,4500.0
销售助理,上海络波商务咨询有限公司,4500.0
管理培训生（上海）,公司名,0
烘培烹饪课程顾问,上海煜域文化传播有限公司,6000.0
助理系统工程师,北京万方数据股份有限公司,4500.0
数据处理助理,上海东方大众传播有限公司,4500.0
结算专员,上海吾本那米信息科技有限公司,5000.0
数据处理助理,中青旅联科（上海）公关顾问有限公司,4400.0
展览展会执行,上海仁志文化传媒有限公司,4500.0
文化专员,上海迪岸广告有限公司,6000.0
天真蓝naiveblue销售助理/店员,上海微食信息科技有限公司,10000.0
Team Assistant（Marketing Support）――项目助理,上海文广互动电视有限公司,4500.0
宝贝成长规划师（销售）,上海艾莎信息科技有限公司,3500.0
渠道助理,上海吉荟尊信息技术有限公司,4500.0
工程专员,上海艾莎信息科技有限公司,3500.0
文案策划（应届生）,上海盛昱广告传播有限公司,4500.0
平面及产品方向设计师,上海光启文化产业投资发展有限公司,0
人事行政助理,天真蓝,4000.0
（急招）印刷裁切,法兰克福展览（上海）有限公司,4000.0
财务助理兼出纳,上海玛瑞莎摄影有限公司,10000.0
客户经理,北京天下秀科技股份有限公司,4500.0
销售专员,镜尚传媒有限公司,4500.0
动画后期总监,北艾（上海）网络科技有限公司,4000.0
"沪江佳课高薪诚聘售前客服TMK，早九晚六,月薪8K",上海宝霖丰实业有限公司,10000.0
音响工程师/技术员,宜泰尔商贸有限责任公司,3500.0
工程项目专员,昕D（上海）数码喷绘有限公司,3000.0
2018日语专业应届毕业生募集,上海恒代齐力企业形象策划有限公司,3500.0
提供住宿 业务助理,上海奥萨文化传播有限公司,8000.0
仓库理货员,上海实榴甜网络科技有限公司,5000.0
ppt美化,江西务本传媒有限公司,10000.0
上海环球港凯悦会籍顾问,上海影呈文化传媒中心,8000.0
前台行政,上海华丽达视听科技有限公司,3000.0
管理培训生,上海欧马腾软件有限公司,6000.0
影城服务员,上海冰莹广告有限公司,5500.0
展览业务员,上海聚特集团,4500.0
出纳,上海新世傲文化传播股份有限公司,3000.0
仓库助理,门承文化传播（上海）有限公司,4500.0
IT Administrator  IT管理员,盈盛市场顾问（北京）有限责任公司,6000.0
平面设计助理,安宝示展览展示工程（上海）有限公司,5000.0
初级客户执行,上海星光电影股份有限公司,3000.0
网络视频主播歌手,比高电影城,3000.0
会展项目专员,上海智盛堂广告有限公司,6000.0
后期制作/剪辑师2名,上海漫铠动漫科技发展有限公司,4500.0
采购助理,德庭（上海）文化发展有限公司,4400.0
管理培训生（区块链专家方向）,佰路得信息技术（上海）有限公司,2640.0
CEO/COO助理,上海创幸文化创意展示有限公司,4500.0
英语会议销售,大贺传媒股份有限公司上海分公司,3500.0
国际会展顾问,上海库枚文化传媒有限公司,8000.0
直播运营,上海妙文会展服务有限公司,4500.0
行政前台-淮海中路-黄埔区,上海易商摄影服务有限公司,6000.0
外贸业务员/外贸销售/外贸专员,上海东方希杰商务有限公司/东方购...,4000.0
3D设计师,红点影业（上海）有限公司,6000.0
采购专员,达生市场推广上海分公司,5000.0
助理/发稿人,公司名,0
客户服务主任-上海,上海会宣商务咨询有限公司,8333.333333333334
"采购助理(仓库助理）-家住松江区优先,应届生欢迎",上海康森展览服务有限公司,3000.0
大客户销售代表,上海源倩文化发展有限公司,8000.0
徐汇展览销售/业务员/电话销售 底薪4500+提成+奖金,现代传播（珠海）科技有限公司上海...,3500.0
企业客服,上海优炽光电科技有限公司,4500.0
销售助理（闵行区）,冠脉堂信息科技（上海）有限公司,4000.0
电话销售+双休+年底13薪+无责底薪,江苏百成数码影业有限公司,4500.0
呼叫中心坐席代表,上海智将广告有限公司,3500.0
色彩老师,慧科讯业（北京）网络科技有限公司,8000.0
室内设计助理,上海熙鸿广告有限公司,4000.0
普工/操作工,深圳市百慧文化发展有限公司上海分...,6000.0
网站编辑,上海臣信展览展示有限公司,4000.0
室内外装潢设计师,星华隆咨询（上海）有限公司,4000.0
场馆专员,上海艺言堂形象策划有限公司,6000.0
销售顾问/展会销售/大客户销售,上海鹏诚展览展示服务有限公司,6000.0
项目跟踪,上海恒进展览有限公司,2000.0
活动执行助理,上海步歌文化传播有限公司,4500.0
销售经理,上海校源环境艺术有限公司,4500.0
商务助理,上海统杰图文制作有限公司,4000.0
收银员,上海婴宝文化传播有限公司,5000.0
记者,上海鸢飞文化策划有限公司,3000.0
阁林书店店长,上海泉健体育科技有限公司,6000.0
Prelude 微信平台运营专员,荷锐会展服务（上海）有限公司,6000.0
互联网广告销售,上海昌劲金融机具标识有限公司,4500.0
售前客服,上海翱蒲商务咨询有限公司,3000.0
文案策划 / 新媒体运营 / 微信公众号,上海宝苑公共交通传媒有限公司,5000.0
虹桥会展电销客服,上海浪尖工业设计有限公司,3500.0
管理培训生（211/985 理工科应届生）,嘉豪投资集团,3500.0
赛事执行/活动执行,青年报社,4500.0
展会销售,上海京采文化创意有限公司,4000.0
资料员,上海培路文化传播有限公司,4500.0
出纳业务员,上海创神网络科技有限公司,6000.0
摄影视频师（新民教育项目）,上海曼食文化传播有限公司,5000.0
银保（月薪12K聘）电话理财顾问,骥亿（上海）文化传媒有限公司,4500.0
业务员,上海盟轩展览服务有限公司,6000.0
英语/TOEFL托福/SAT赛达助教,上海壹墨图文设计制作有限公司,8000.0
课程研发助理,上海力盛赛车文化股份有限公司,5000.0
媒介助理,捷行会展服务（上海）有限公司,4000.0
SEM优化师,点意空间（上海）展览设计工程有限...,4500.0
搜狗广告优化师,上海富百群贸易有限公司,6000.0
CAD设计/制图,新民教育项目（新民教育）,6000.0
幼儿园老师,上海影呈文化传媒中心,8000.0
早教老师/音乐启蒙老师,上海子安文化发展有限公司,8000.0
美术助教+五险一金+带薪培训,上海安多福教育培训有限公司,6000.0
英皇UA服务员-虹桥火车站店,上海多毅文化传媒有限公司,5500.0
展会推广专员,上海郡州广告有限公司,2640.0
财务助理,上海智度亦复信息技术有限公司,4500.0
销售代表,上海国德网络科技有限公司,4000.0
活动执行/会务专员,仲野国际贸易（上海）有限公司,3000.0
声乐老师,上海松江区临松幼儿园,3000.0
网络运营专员,公司名,0
客户执行,上海莫乐文化传播有限公司,4500.0
场务助理,上海泽熙文化传播有限公司,3500.0
展会销售,上海梅龙镇广场环艺娱乐管理有限公司,4500.0
网络主播,上海洲创展览有限公司,4500.0
新媒体运营/文案,上海千策广告有限公司,4000.0
婚纱摄影旅拍销售（彼爱组）,上海天涌影视传媒有限公司,3000.0
房地产置业顾问,上海雅筑文化传播有限公司,4000.0
办公室助理,圣律（上海）文化发展有限公司,8000.0
大型玄幻古装戏直招跟组演员化妆服装摄影艺人助理,上海笔克展览展示有限公司,0
前台销售,上海赢叁文化传播有限公司,5000.0
咖啡师助理（上海）,熊客文化传媒（上海）有限公司,3000.0
照明设计师,上海优亦诚展览展示有限公司,5000.0
会务专员,深圳市聚娇文化传播有限公司,3000.0
项目助理,上海尊安同恒文化创意发展有限公司,4500.0
人事专员招聘主管,上海唯一视觉企业发展有限公司,8000.0
销售,上海宝劲房地产经纪有限公司,4500.0
仓管助理,上海弘墨图文设计制作有限公司,4500.0
境外展会销售专员,北京巨擘广告制作有限公司,6000.0
电话销售,上海煜禾文化传媒有限公司,4000.0
国际市场拓展（欧美市场）,重庆西西弗文化传播有限公司,0
主持人（应届毕业生即可）,优米照明设计（上海）有限公司,3000.0
展会助理Assistant （欢迎应届生投递）,脉凌医学传播机构,4000.0
课程顾问,上海林通文化传播有限公司,4000.0
地推,上海尤特实业有限公司,4500.0
客户经理/销售/销售经理,拉码商务咨询（上海）有限公司,8000.0
视频主播运营总监,广东美至简网络科技有限公司,4500.0
钢琴陪练/小提琴陪练/钢琴老师/小提琴老师,上海达欧展览服务有限公司,4000.0
微信销售,上海迪展展览展示有限公司,4000.0
总部前台,上海博勘商务咨询有限公司,8333.333333333334
前台行政,上海之合网络科技有限公司,6000.0
雕塑设计师,澳龙信息科技（上海）有限公司,4500.0
项目助理,上海灏顺文化传播有限公司,8000.0
销售助理/海外销售代表,上海说嵘教育科技有限公司,6000.0
前台兼人事行政专员,上海格瑞企业策划有限公司,4500.0
行政前台,襄阳腾乐文化传媒有限公司,8000.0
文案策划,貅逸文化传播（上海）有限公司,5000.0
行政助理,广州创闻投资有限公司,4500.0
人事行政专员/助理,灵格教育培训（上海）有限公司,4500.0
客户执行（digital方向）,上海照钦教育科技有限责任公司,4500.0
制片助理,上海宇丰雕塑艺术有限公司,3000.0
财务助理,名唐展览服务(上海)有限公司,3000.0
视频剪辑/视频摄像/后期制作（接受应届毕业生）,上海都赛信息科技股份有限公司,5000.0
广告业务员(可),上海众引文化传播股份有限公司,4500.0
早教中心会籍顾问,OnlyLady女人志,3000.0
招募艺人 跟组 （可培训签约）,上海璨然信息技术有限公司,4500.0
标识方案设计师,上海喜悠记文化传播有限公司,4500.0
设计师助理,上海天采电子商务有限公司,4000.0
UC运营,上海摩丸文化传媒有限公司,4500.0
早教亲子老师,上海吾意文化传播有限公司,4000.0
酷金商务,上海点应网络科技有限公司,5000.0
面销经理,公司名,0
上海线上主播招聘,上海红煊文化传媒有限公司,5000.0
财务文员,汉翔（上海）文化有限公司,20000.0
商务助理,上海合志文化传播有限公司,6000.0
吉他/钢琴/架子鼓教师（双休+带薪寒暑假）,深圳市艺赋文化传媒有限公司,4500.0
段子手/小编,上海魏玛文化传播有限公司,4000.0
客户专员（策划、项目跟进方向）,京一典展览设计（上海）有限公司,4500.0
外籍高管个人助理兼翻译,上海信淼信息科技有限公司,4000.0
渠道专员,上海尚貅文化传播有限公司,5000.0
项目助理,鸟哥笔记(上海青墨网络科技有限公...,5000.0
电话销售主任（月薪4K起，每日工作7小时）,万合体育,20000.0
英语助教Trainer Assistant,美宏文化传媒（武汉）有限公司,0
MIS项目专员,上海锡鼎实业有限公司,4500.0
媒介计划,上海卓腾展览展示有限公司,3000.0
会展销售/销售经理/销售代表/市场推广/电话销售/销售,昆山罗兰梦源文化艺术有限公司,8000.0
制片助理,上海欣予营销策划有限公司,6000.0
营销策划,广州市天诺营销策划有限公司,4500.0
一手办公楼销售/可招应届毕业生,上海诺施广告有限公司,3300.0
业务助理 Account Assistant,飞书互动,6000.0
客户专员,上海革文营销策划有限公司,3000.0
老板私人助理,Eurasia Asia Group,4000.0
网络客服/电商客服,简思商务咨询（上海）有限公司,6000.0
发传单,远誉广告（中国）有限公司,6000.0
文员,商众世纪传媒广告（北京）有限公司,5000.0
少儿英语老师培训老师教师,上海浩淦展览服务有限公司,4000.0
上海孟源―靠谱的销售行业，非保险房产金融,上海悦涵文化传播有限公司,3000.0
客服专员 新媒体运营助理,上海久爱广告有限公司,4500.0
海外销售顾问/英语销售代表,上海长武市场营销策划有限公司,8000.0
项目文员,亚缇思平面设计（上海）有限公司,4500.0
美术老师,九富公关顾问（上海）有限公司,5000.0
销售代表,上海仁则文化传播有限公司,2000.0
人事行政专员,上海巨航渡信息技术有限公司,3000.0
推广运营专员,上海星位文化传播有限公司,0
运营助理,上海动漫公共技术服务平台运营管理...,3000.0
行政专员,心随文化传播（上海）有限公司,0
新媒体编辑,上海孟源文化传播有限公司,8000.0
AE（客户执行）,留白（上海）网络科技有限公司,3000.0
平面设计师,上海探粕涛裥畔⒆裳有限公司,6000.0
出纳员,上海涧宽展览展示有限公司,3000.0
密室逃脱***店员,上海鹄翼文化发展有限公司,6000.0
演员NPC（真人密室表演）,深圳市六盛展览有限公司上海分公司,6000.0
密室逃脱***店员,江苏联影影视文化版权服务有限公司,3000.0
演员NPC（真人密室表演）,DigitalX 成势广告（上海）有限公司,5000.0
平面设计师,上海奥昱博广告有限公司,4500.0
会议助理 Event Assistant,SIA国际艺术教育,4000.0
行政文员,硕频（上海）文化传播有限公司,3500.0
网络营销专员,上海奇伦广告有限公司,6000.0
网络销售助理,远近文化传播（上海）有限公司,4500.0
密室游戏店员,上海中懋国际贸易有限公司,4500.0
前台兼行政,上海星图文化传播有限公司,3300.0
管理培训生（校园招聘）,上海麦戟文化传播有限公司,5000.0
媒介专员,公司名,0
Social Engagement Executive 客户执行 - Luxury,上海星图文化传播有限公司,3300.0
急招***/全职文案策划,上海麦戟文化传播有限公司,5000.0
大客户销售-B2B媒体广告（食品/涂料行业）,上海移动互联网应用促进中心,4000.0
游戏AD（OB）,齐勤企业管理咨询（上海）有限公司,6000.0
行政前台,框架传媒上海分公司,4500.0
APP培训员（***）,勤德士展示器材（中国）有限公司,4000.0
礼品派发,上海拜泉网络科技有限公司,6000.0
监播***,上海密宝文化传播有限公司,4500.0
微商客服/客服主管,上海享网广告有限公司,4500.0
广告/头条优化师（应届生）,上海易贸商务发展有限公司,6000.0
AE客户执行,北京博雅立方科技有限公司,4000.0
社交媒体初级分析师Social Media Junior Analyst,上海博志广告有限公司,5000.0
营销策划经理/营销策划专员,上海敏思广告有限公司,4400.0
行政助理(大四可转正）,上海荣格展览有限公司,12500.0
行政专员,上海网映文化传播股份有限公司,4000.0
会议活动执行（销售导向）,阳光恒美金融信息技术服务（上海）...,3500.0
微信运营专员,上海蒙果文化传媒有限公司,0
客服专员,易贝乐国际少儿英语（上海高境中心）,4400.0
电销客服/提成客服（底薪+提成）,上海晶茂文化传播有限公司,2640.0
会议销售顾问,上海仙剑文化传媒股份有限公司,5000.0
短视频达人,乐推（上海）文化传播有限公司,4000.0
秘书,上海奥狮网络科技有限公司,4500.0
海外项目翻译助理,瀚与翼（上海）商务咨询有限公司,4900.0
前台文员,上海聚屏网络科技有限公司,3000.0
拓展部经理助理/外联专员,淳博（上海）文化传播股份有限公司,4500.0
企划部专员,上海钰银会展服务有限公司,3000.0
会展销售,上海华昂商务咨询有限公司,8000.0
项目执行/PE（微信运维方向）,阆苑（上海）文化传媒有限公司,6000.0
项目助理,耕图（上海）广告制作有限公司,4500.0
旅游策划师,华夏家博,6000.0
日语媒体运营担当,上海捷恺商务咨询管理有限公司,5000.0
影院服务员,浙江聚海数据管理有限公司,33000.0
电话开发,礼高文化传播（上海）有限公司,4500.0
管理培训生（市场方向）,原伍人数字科技（上海）有限公司,6000.0
展台销售电话销售,上海颐仁广告有限公司,3000.0
前台行政助理,上海格博展览股份有限公司,4500.0
广告销售（汽车广告类）,岭隆（上海）品牌管理有限公司,3000.0
展览展台3d设计师,上海兰凯会展服务有限公司,4500.0
日语高级商务咨询前台,齐数科技（上海）有限公司,6000.0
电影院服务员,上海非得展览服务有限公司,4500.0
后期剪辑,上海诚唐展览展示有限公司,8000.0
会展销售,微告（上海）广告有限公司,5000.0
Photo Retouch Artist,大地影院发展有限公司北京销售分公司,3000.0
淘宝客服,上海佳世展览有限公司,3000.0
修图师,上海影筑影院管理有限公司,4000.0
A E (客户助理-事件活动端),上海今怡广告有限公司,4500.0
文案/策划,上海柯麦广告设计制作有限公司,4000.0
出纳专员,凤凰汽车上海站,10000.0
招商销售（地铁媒体）,上海毅赞展览展示服务有限公司,4000.0
景观效果图助理,康格会展（上海）有限公司,4500.0
高端客户咨询员/课程顾问,公司名,0
面包车驾驶员,红星美凯龙影业,3000.0
音乐教师（钢琴古筝吉他架子鼓）,上海欣漾广告有限公司,3000.0
文案策划专员,润京展览（上海）有限公司,6000.0
客户经理助理,上海按冉文化传播有限公司,4500.0
行政助理,武汉绕梁音文化有限公司,4500.0
渲染培训生,上海鑫翱文化传播有限公司,4000.0
电商设计师,上海鼎脉营销顾问有限公司,4500.0
Ecommerce Booking Executive,上海新蕴传媒科技集团,3500.0
新媒体运营Intern,上海动观文化传播有限公司,4500.0
部门助理,上海知道广告有限公司,6000.0
后期制作字幕组,上海盛策文化传播有限公司,4500.0
Admin Assistant /行政兼前台,牛班音乐学校,10000.0
建筑动画师,思播（上海）市场营销策划有限公司,4500.0
地推,凯笙（上海）文化传播有限公司,6000.0
销售代表或经理,上海咕嘟广告有限公司,6000.0
茶艺师助理,上海万源文化传播有限公司,2200.0
诚招普工/打印操作员,上海晶娱文化传媒有限公司,4500.0
网络主播,上海众月数字科技有限公司,2000.0
项目执行专员,上海赢迪市场营销服务有限公司,7000.0
新媒体文案编辑（欢迎应届生）,GroupM群邑（上海）广告有限公司,4500.0
销售助理,北京鹏泰互动广告有限公司上海分公司,2640.0
文案策划（应届毕业生均可）,上海永乐数码科技股份有限公司,3000.0
广告客户执行,上海蒙翰贸易发展有限公司,3000.0
日语翻译（可***）,上海乐迪(展览及活动策划),3000.0
财务（会计）助理,莱特泰克（上海）光电科技有限公司,6000.0
摄影助理,上海毓果文化传播有限公司,2000.0
星探/经纪人,上海之远文化传播有限公司,4000.0
客户执行,上海久道文化发展有限公司,3000.0
文案策划,上海奕宗展览展示服务中心（普通合...,5000.0
赴美国、新加坡、韩国、泰国国际汉语老师中文老师,上海久而文化传播有限公司,5000.0
移动嘉定仓场营业厅业务受理,上海瀚笙文化传播有限公司,3000.0
销售助理,上海幸遇堂市场营销策划有限公司,5000.0
电话销售,上海智趣广告有限公司,4500.0
编辑助理,上海羽众企业形象策划有限公司,5000.0
视频制作-包吃住,（CCE GROUP）上海程迈文化传播有...,3500.0
前台 Receptionist,魅仕坊（上海）互联网科技有限公司,4500.0
IT信息技术支持,上海点正互联网科技有限公司,4000.0
财务/会计,上海闪耀摄影服务合伙企业（有限合...,2000.0
客服执行AE,上海必响文化传媒有限公司,6000.0
天猫美工,上海美凯信广告有限公司,6000.0
采编播专员(应届毕业生可投),上海恒术网络科技有限公司,5000.0
营销编辑/渠道编辑,青岛中优德惠文化交流咨询有限公司,8000.0
网站编辑,上海铂立营销策划有限公司,4500.0
出纳Cashier,深圳九星互动科技有限公司,4000.0
国际知名品牌市场部助理,恩加展览展示（上海）有限公司,4000.0
高底薪包住宿急聘微信客服,上海胡润百富投资管理咨询有限公司,4500.0
媒介专员/媒介助理―数字营销,上海岩竹文化传播有限公司,3000.0
客服代表,普芮米卡勒数码影像科技（上海）有...,4000.0
市场部助理,上海幻马文化传媒有限公司,10000.0
总裁办助理,上海硕风国际旅行社有限公司,4500.0
微信文案,公司名,0
iOS开发工程师,上海元祥文化传播有限公司,6000.0
数学编辑,上海萌糖信息科技有限公司,3500.0
客服,浙江瀚叶股份有限公司上海分公司,6000.0
销售顾问,中信出版集团股份有限公司,5000.0
市场助理,上海小田仆刻网络科技有限公司,3000.0
电话销售,上海奥美广告有限公司,3000.0
实训师,上海赢嘉公关咨询有限公司,6000.0
新媒体网站编辑,上海敏h影视传媒有限公司,4500.0
前台,MAX Communication,4500.0
上海总部直招营销专员+双休+高薪,上海书然文化传播有限公司,4500.0
***：新媒体时尚编辑（服装）,上海臻尚数码科技有限公司,4000.0
文员,德马吉国际展览有限公司,3000.0
渲染师,上海糖言广告有限公司,4500.0
媒介,湃势信息科技（上海）有限公司,6000.0
上海--采购助理,同济大学出版社有限公司,4500.0
UI设计师,默秀（上海）展示服务有限公司,4500.0
国际论坛策划专员 Event Producer,奕齐集团,6000.0
采购助理（应届毕业生岗）,上海晟明行企业发展有限公司,2200.0
广告销售经理 底薪加提成,上海追越会展服务有限公司,6000.0
茶艺师和服务员,金大陆文化产业（集团）有限公司,4500.0
行政前台/行政助理/协助活动运营,上海新榄网络科技有限公司,4500.0
彩妆助教,上海童挚教育科技有限公司,4000.0
儿童乐园门店市场营销,上海迈玺商贸有限公司,4000.0
广告客户专员/主管,上海艾尚广告有限公司,4400.0
客服,上海三渡文化传播有限公司,4000.0
摄影师/修图师,杭州玄机科技信息技术有限公司上海...,4000.0
法务专员,上海骋长季网络科技有限公司,3500.0
项目助理（校园大使项目）,上海邑盟市场营销服务有限公司,4000.0
地推/市场推广,上海英蕾文化传播有限公司,8000.0
网络主播,上海安擎商务咨询有限公司,6000.0
课程顾问/销售主管/课程咨询主管（昌里校区）,上海诺宣包装科技有限公司,3000.0
平面设计助理,高峰傲,15000.0
客服助理,上海闲月文化发展有限公司,4500.0
客户执行,上海酷野文化传播有限公司,3000.0
后期制作/摄像师（高薪）,上海初艺文化发展有限公司,2500.0
销售无责底薪4000-5000（每月激励赛丰厚奖金）,合抱文化传播（上海）有限公司,6000.0
收银员,盛世睿博广告（北京）有限公司,5000.0
多媒体设计师,上海雅涛企业形象设计有限公司,6000.0
展览销售/电话销售/展会销售/会展销售,宇乐乐文化传媒（北京）有限公司,4000.0
储备主管/储备店长,《证券日报》社,6000.0
活动执行,励维营销策划（上海）有限公司,4000.0
媒介策划主管,南京牛班文化艺术培训有限公司,6000.0
媒介助理,沈阳银狐文化传媒有限公司,6000.0
课程运营专员（数学）,上海浦东新区外高桥文体艺术培训中心,6000.0
音乐教师（打击乐/木管/铜管）,上海致通标识有限公司,3000.0
前期制片助理[Production Assistant],上海司马展览建造有限公司 Shangh...,3000.0
平面设计师,上海盛鸪广告有限公司,4500.0
摄影师助理,上海微展信息科技有限公司,6000.0
摄像助理,以尧企业发展（上海）有限公司,6000.0
AE 客户专员,上海网恒文化传播有限公司,3000.0
FLASH动画分镜师,公司名,0
插画师/设计师（古风向）,月蚀文化传媒（上海）有限公司,8000.0
销售顾问,上海捷恩斯企业形象策划有限公司,5000.0
美工,璞墅(上海)酒店管理有限公司,4500.0
前台客服（宝山店）,上海比逊广告有限公司,4500.0
经纪人,昌荣传媒股份有限公司,4500.0
户外媒体执行 (第三方员工）,深圳市九富投资顾问有限公司北京分...,6000.0
艺术类幼教助教,上海指道教育科技有限公司,6000.0
陪学顾问（微信运营）固定双休,上海飞晔文化用品有限公司,4500.0
client service intern,上海启李广告有限公司,5000.0
市场助理,上海永祝展览展示工程有限公司,8000.0
渠道销售大区经理,上海门采尔文化传播工作室,3000.0
销售助理,上海皇一摄影服务有限公司,2000.0
合规员,上海纳维广告有限公司,6000.0
平面设计师,水木动画有限公司,2000.0
应届毕业生,上海索来文化传播有限公司,5000.0
前台文员,上海腾榕文化传播有限公司,6000.0
少儿美术老师（七宝万科广场）,上海威怡广告有限公司,4500.0
展会销售专员,上海双双印刷有限公司,3000.0
招聘助理,上海瑞迪演艺经纪有限公司,4500.0
学科类编辑,凯帝珂广告（上海）有限公司,5000.0
客户AE,上海绘悟文化艺术发展有限公司,4500.0
创意手工/ 漫画老师,上海陌涟广告有限公司,6000.0
项目助理(汽车）,安吉斯媒体集团,2200.0
"AE-SAE, Event Team",丝路视觉科技股份有限公司上海分公司,4500.0
促销督导,四川寰视乾坤科技有限公司,4000.0
国际市场专员,上海敦悦文化传播有限公司,4000.0
采购内勤,深圳新景界国际会议展览有限公司上...,4500.0
律师助理（商事争议解决团队）,上海帕沃营销策划有限公司,3300.0
高级销售顾问（英语）,上海汇展广告装饰有限公司,3000.0
办公室保洁,上海自道精舍文化传播有限公司,4000.0
快递员,上海荷墨文化艺术传播有限公司,6000.0
活动执行专员,艾特怡（上海）会展会务有限公司,6000.0
围棋老师,西十区,4000.0
展览设计师 3D设计师/会展设计师 底薪+提成,上海东方激光教育文化有限公司,6000.0
影视合成助理,上海通泽广告有限公司,3000.0
运营经纪人,上海品糖网络科技有限公司,4500.0
客户维护专员,广东电声市场营销股份有限公司,3000.0
财务助理,罗德公共关系顾问（北京）有限公司,8000.0
项目助理,上海明麟广告有限公司,3000.0
销售经理（图书发行）,上海艾歌展览服务有限公司,3960.0
国企拍卖直招征集专员,上海哲乘广告有限公司,4000.0
客户总监助理,上海德禾翰通律师事务所,3000.0
行政助理,上海达沃斯文化传播有限公司,6000.0
插画师,上海竞翔广告有限公司,2000.0
学管师/班主任/客户服务,上海康城广告有限公司,4500.0
文案/策划,奥易商务咨询（上海）有限公司,4500.0
平面设计师,上海思也文化发展有限公司,6000.0
项目助理,上海荣济展览有限公司,6000.0
商务代表,上海万臻广告有限公司,3000.0
美术设计（全职或***）,成都豚首天帅文化传媒有限公司,5000.0
活动执行助理,公司名,0
销售助理,上海维智企业形象策划有限公司,4500.0
项目执行,蓝源广告传媒股份有限公司,3000.0
应届毕业生,上海雅诗建筑工程有限公司,3000.0
体验店长,华东理工大学出版社有限公司,8000.0
网络主播（可异地）,上海琼楼文化发展有限公司,10000.0
行政文秘,上海企创广告有限公司,4000.0
采购员,上海旖飞科技发展有限公司,3500.0
办公室文员,多励文化传播（上海）有限公司,2640.0
平面设计助理,上海赞旭文化传播有限公司,4500.0
市场推广专员,上海时讯广告传媒有限公司,3333.333333333333
设计助理,上海诺隆文化传播有限公司,5000.0
3D设计师（应届）,上海外经贸商务展览有限公司,2500.0
人事行政助理,范丝堂（上海）文化信息咨询有限公司,4500.0
销售专员/代表/主管,厚源汽车贸易（上海）有限公司,4000.0
行政（教务）助理,上海绚创文化传播有限公司,4000.0
国际贸易外贸助理经理,上海爱徒翻译有限公司,3000.0
平面设计师,上海云钦公关策划咨询有限公司,4000.0
艺术设计/产品设计/景观设计/环艺设计,上海善现广告有限公司,3000.0
行政前台,上海郝氏文化传播有限公司,5000.0
视频剪辑,上饶市灰狼文化传媒有限公司,8000.0
客户执行（会务/会展方向）,上海京汇广告有限公司,4500.0
客服专员,上海奥旦工艺礼品有限公司,6000.0
韩国网红品牌LIne五角场店员招聘,上海青青艺术摄影有限公司,3000.0
互联网运营专员,北京汉风阁广告展览制品有限公司上...,3000.0
财务会计,上海声亚文化传播有限公司,4000.0
销售助理,上海岚迈建设工程有限公司,3500.0
手游运营专员,上海佳势展陈装饰设计工程有限公司,4500.0
商务助理,上海创言信息科技有限公司,4500.0
销售专员,上海界外文化传媒有限公司,6000.0
VIP店面咨询顾问,上海河马文化科技股份有限公司,4000.0
项目助理,开成兴业（上海）礼品有限公司,3000.0
"Intern, Sales",上海拓茨广告有限公司,6000.0
婚礼设计师助理,上海三生文化艺术有限公司,7000.0
生活文献教育节目复合载体编辑室助理编辑,上海力远计算机科技有限公司,3000.0
化妆品业务经理（五险一金+双休+年底双薪）,上海意伟广告有限公司,4500.0
瓜藕网--区域负责人,上海中惠思艾文化传播股份有限公司,2200.0
创意视频后期制作,央格（上海）文化传媒有限责任公司,12500.0
CAD绘图员,北京外企德科人力资源服务上海有限...,6000.0
打磨工,DotC United Group,4500.0
活动项目助理,博达大桥国际广告传媒有限公司上海...,4500.0
行政助理（Disney项目）,北京深微文化传媒有限公司,4000.0
摄影器材维护工程师,上海耀宇文化传媒股份有限公司,5000.0
工程预算员，CAD绘图员,上海格涯许信息科技有限公司,3000.0
经纪人助理,上海三度商务咨询有限公司,8000.0
Fulfillment Coordinator Intern,汪正影业国际儿童摄影,8000.0
仓库管理员,上海h领展示道具有限公司,8000.0
销售行政助理纯文职,IMAX China,2000.0
客户经理主管,上海诚品会展策划有限公司,4500.0
展览区域保安员,上海荧星影视艺术有限公司,2000.0
手机段子主播,上海八点品牌设计有限公司,5000.0
平面设计师,公司名,0
绝地求生编辑/记者,南充市乘着风广告有限公司,6000.0
活动策划执行助理,驭骋文化传播（上海）有限公司,4000.0
3D设计师助理,上海和煦展览有限公司,6000.0
平面设计,上海术业金属制品有限公司,3300.0
车身设计工程师,上海和视广告艺术有限公司,3000.0
行政助理/签证文员,金明展示工程（上海）有限公司,4500.0
设计师,上海中性灰文化传播有限公司,8000.0
3D模型/道具/场景建模师,上海庭礼实业有限公司,4000.0
摄像师 摄影师,上海伏模文化传播有限公司,3000.0
3D设计师助理,麦克米伦信息咨询服务（上海）有限...,2640.0
平面资深设计,上海噜逗餐饮管理有限公司,4500.0
项目助理,上海特想文化传媒有限公司,4500.0
会展销售,上海帛景文化传播有限公司,8000.0
行政助理,上海当代艺术馆有限公司,2000.0
客户代表/销售代表/场地销售,上海乔介网络科技有限公司,6000.0
Interior Design Intern,上海浪拓装饰设计工程有限公司,6000.0
MG动画/AE动画/二维动画制作,虎扑,6000.0
招募乐手,上海思途文化传播有限公司,4000.0
招聘专员,上海橙道文化传播有限公司,3300.0
基金会计,宁波鼎克标识有限公司,4000.0
摄影师,上海生花汽车设计有限公司,4000.0
前台接待,上海腾达展览服务有限公司,2200.0
媒体销售客户经理,川力企划,8000.0
置业顾问（包住宿）,上海禾锐数码科技有限公司,8000.0
Foreigner Creative planner (intern or part-time),上海梅卿传媒集团有限公司,4500.0
媒介助理,上海信立广告有限公司,3000.0
助教,上海湃客广告有限公司,3000.0
新媒体文案编辑与维护,喜贴客智能科技（上海）有限公司,3000.0
插画设计,上海简一展览服务有限公司,3000.0
场务,上海易试互动文化传媒有限公司,4000.0
总经理商务助理,上海缤橙企业管理咨询有限公司,6000.0
销售助理/策划助理/文员,德立创意策划（上海）有限公司,2000.0
大数据开发/数据挖掘/数据分析工程师（人才培养）,上海独谱企业管理咨询有限公司,4000.0
签约艺人演员（免费大咖培训）,上海咪萌文化艺术发展有限公司,44000.0
行政文员（应届生）,上海衡悠文化发展有限公司,4000.0
销售,上海南华基业医疗健康产业发展有限...,4500.0
销售岗位（广告公司）,百年互娱（上海）文化传媒有限公司,4500.0
招聘客户经理助理,里贝拉（上海）商务咨询有限公司,3000.0
行政助理,上海分众晶视广告有限公司,3000.0
英语翻译,上海协晟市场营销有限公司,8000.0
平面设计,上海联智广告有限公司,4500.0
室内设计师,深圳市华语传媒股份有限公司,3000.0
助理,上海济帆文化传播有限公司,0
培训/会议助理（专员）（五险一金）,上海翡翠滨江艺术发展有限公司,5000.0
美术老师,上海翔程文化传播有限公司,6000.0
电话客服专员,上海文化广场剧院管理有限公司,3000.0
市场助理,《中国精品五金》杂志社上海编辑部,4500.0
视频工程师,上海红威广告传媒有限公司,6000.0
急聘少儿英语老师,Dict.cn海词,4500.0
淘宝美工,广州中影仓影视科技有限公司,3000.0
法务专员/助理,公司名,0
喷绘、写真机操作工,上海武穆文化传播有限公司,4500.0
财务出纳,上海语内企业管理咨询中心,6000.0
培训助理,上海瑞切广告有限公司,4500.0
招聘书法老师,上海旭英广告有限公司,5000.0
送卡信使（快递）,上海百若萌文化传播有限公司,2200.0
采编/记者/编辑,上海艾筑信息科技有限公司,5000.0
诚聘电话销售/网络销售/在线销售（无责月薪6K+提成）,上海建亲物流有限公司,3000.0
客户经理/客户开发/销售代表/电话,上海万狮悟广告有限公司,5000.0
运营专员,喜狮文化传媒（上海）有限公司,3000.0
行政专员,上海衡德企业管理咨询有限公司,4500.0
编剧,实践菁英（上海）文化咨询有限公司,3000.0
前台行政文员,上海绽翔电子科技有限公司,4500.0
商业数据分析师,上海格岚商务信息咨询有限公司,3300.0
市场助理,上海瑞尚视听设备有限公司,4500.0
高级课程顾问/招聘顾问/课程顾问,上海坤益文化传播有限公司,6000.0
录音师,上海柯梓文化传播有限公司,3000.0
上色助理,上海雅仕维广告有限公司,3000.0
英孚英语课程销售+高提成+五金,上海原野广告有限公司,3000.0
Production Assistant,上海度势体育文化传播有限公司,6000.0
行政专员,星韧兴尘广告有限公司,3000.0
儿童戏剧人员,上海虎声虎色文化艺术交流有限公司,3000.0
销售助理/内勤/助理,上海仁麟企业管理咨询有限公司,6000.0
数据管理员,上海晨昕文化传媒有限公司,5000.0
研究分析师,上海茂翌实业有限公司,4500.0
招商经理,上海托品影视传媒有限公司,4500.0
销售代表,开声市场营销策划（上海）有限公司,4000.0
出纳,上海娜日沙公共关系咨询有限公司,3000.0
市场专员（海伦多兰英语）,上海剧享影业有限公司,6000.0
行政专员,上海明瞳广告器材有限公司,3000.0
制作助理,上海威超广告有限公司,5000.0
人事行政专员,福莱美熙展览展示（上海）有限公司,3000.0
特别助理/主管,上海百倍丰朴科技有限公司,10000.0
工业设计师，产品设计师,上海同步音乐制作有限公司,6000.0
销售,阅动文化传播（上海）有限公司,4500.0
无责底薪电话客服,上海沐升广告有限公司,6000.0
教务专员,上海冠宇文化传播有限公司,4500.0
总经理秘书,上海田耕广告有限公司,4500.0
临床协调员,顽剧岛（上海）文化发展有限公司,4500.0
英语翻译,艺术浦东（上海）艺术品有限公司,4000.0
外贸助理,上海证大文化发展有限公司,4500.0
客户专员,北京艺恩世纪数据科技股份有限公司,6500.0
3D设计师助理,上海叶仙网络科技有限公司,8000.0
前台文员,上海臻文化传播有限公司,3000.0
急招网络主播,上海贤圣文化传播有限公司,4500.0
行政助理,上海要妙文化传播有限公司,4500.0
国际销售（应届毕业生）,上海睿路文化传播股份有限公司,4500.0
插画师,上海千鼎广告有限公司,4500.0
物流助理,上海信宏广告有限公司,4500.0
财务助理,上海昕泽文化传播有限公司,3000.0
医学编辑,永康市杰创工业产品设计有限公司,3000.0
运营专员,公司名,0
签证专员/出境商旅销售,上海尘石文化传播有限公司,8000.0
行政人事助理,上海昱亨文化传播有限公司,6000.0
销售支持专员,上海倾琴网络科技有限公司,4500.0
制片助理、文案助理,上海瑞欧广告有限公司,4500.0
销售助理,北京翰博瑞强医药信息咨询有限公司,4500.0
行政助理兼前台,中译语通信息科技（上海）有限公司,8000.0
快印、学徒、包吃住,上海戎霆影视设备有限公司,3000.0
跟单员,上海优蜜文化传播有限公司,4000.0
业务员（上海）,上海沃泰华会展有限公司,4500.0
销售助理,上海光悦影视传播有限公司,2000.0
前台接待（近国展中心）,晟唐互动文化传媒（上海）有限公司,5000.0
招商专员,朴闻市场营销策划（上海）有限公司,3000.0
新媒体文案,上海高登商业展览有限公司,5000.0
闵行七宝少儿美术 绘画老师,无锡爱考斯文化创意有限公司,6000.0
俄语翻译,游读会网络科技（上海）有限公司,4500.0
新媒体编辑,上海科袁企业管理有限公司,3000.0
客户主任,上海医米信息技术有限公司,6000.0
文案编辑,上海鲜到食品股份有限公司,4000.0
室内设计助理,上海传易文化传播有限公司,2860.0
部门秘书,上海汉唐文化发展有限公司,4500.0
灯光师、音响师、视频师,上海曦潮文化传播有限公司,5000.0
网络销售专员,上海极辰文化传媒有限公司,3500.0
呼叫中心客服/非销售,上海岩舟信息科技有限公司,5000.0
销售代表 销售专员,上海火核文化传媒有限公司,4500.0
修图师,上海迅影印刷科技有限公司,3000.0
新媒体运营专员,上海缘心投资咨询有限公司,4000.0
前台,奥飞娱乐股份有限公司,4000.0
韩语翻译兼助理,北京强氧科技发展有限公司,4500.0
编导助理,上海本物文化发展有限公司,3000.0
人事行政助理,中投华信金融服务外包（北京）有限...,8000.0
乐园演绎职员,上海一仕健康管理咨询有限公司,6000.0
诚招销售代表高待遇包住,上海蓝野文化传播有限公司,4500.0
客服专员,上海桑拓企业发展有限公司,6000.0
西餐厅服务员,上海膳妙文化传媒有限公司,4500.0
票务/售票/客服,博曼诗商务咨询（上海）有限公司,6000.0
急招电话销售（接受应届生）,上海车擎网络科技有限公司,6000.0
public relation女公关,上海大骐展览服务有限公司,4500.0
销售代表/销售专员,天联广告有限公司上海分公司,8000.0
淘宝客服广告销售业务员,上海奥维舞台设备有限公司,3000.0
厨房学徒,上海汇智印刷制品有限公司,3000.0
用户运营专员,上海瑞升商务信息咨询有限公司,4500.0
行政助理,上海点晴广告有限公司,6000.0
网红艺人,上海威豪广告有限公司,4500.0
客服,上海太德励拓互联网科技股份有限公司,5000.0
服务员（奉贤店）,上海快猫文化传媒有限公司,3000.0
国企诚聘剧场服务员/场务/经理,上海量睿资产管理（集团）有限公司,4500.0
电影院服务员,上海市文社艺术基金会,3000.0
Planning Team Intern,上海沿拓文化传播有限公司,4000.0
信息技术主管/IT运维/系统维护员（可接受应届毕业生）,上海仁果数码科技有限公司,4500.0
外贸助理,上海族商企业管理咨询有限公司,8000.0
咨询顾问,公司名,0
影视动画策划助理（可***）,上海巨粒网络科技有限公司,4500.0
夜班编辑,上海意臻餐饮管理有限公司,3000.0
展会销售,上海儿童国际文化发展有限公司,4800.0
编辑校对,上海亿哲网络科技有限公司,6000.0
主持老师,上海泛创文化传播有限公司,10000.0
片库专员/媒资管理专员,科胜广告（上海）有限公司,5000.0
茶艺师助理,上海纪标广告有限公司,8000.0
文案策划,恩摩投资管理有限公司,3000.0
制片助理/翻译,上海四游网络科技有限公司,5000.0
文案策划,上海湃喏文化传播有限公司,4000.0
品牌助理（代招）,南京市玄武区沃土咖啡馆,6000.0
摄像助理,上海高旅投资管理集团有限公司,4500.0
仓库理货员,上海奉贤区世逸艺术培训学校,3000.0
活动执行专员,上海时空之旅文化发展有限公司,3000.0
市场助理,上海万画杨鑫影业有限公司,0
赛事场务,上海蓝瀚广告有限公司,2046.0
互联网销售,上海卓高展览展示有限公司,5000.0
客户经理助理,上海欧绅帐篷有限公司,3500.0
销售顾问助理,上海优雅广告有限公司,6000.0
客户代表,上海幕未文化传媒有限公司,2000.0
油漆工/封边机工,《上海日报》社,6000.0
公关活动策划公司招销售,北京东方益达国际展览有限责任公司...,8000.0
销售专员,上海原岩广告有限公司,4500.0
平面设计师,上海韵如文化传播有限公司,6600.0
外贸业务员,上海涵视数字媒体技术有限公司,3000.0
微博运营,上海倍艺企业形象设计顾问有限公司,3000.0
摄影助理,广州市全创智库品牌策划有限公司,6000.0
销售业务员-,迦陵影视制作（上海）有限公司,4000.0
后期剪辑,上海骏汶广告有限公司,4500.0
高级课程顾问,上海UME国际影城（新天地店）,5000.0
系统维护工程师,上海天继广告有限公司,4400.0
电话销售,上海瑞御展览展示制作有限公司,3000.0
文案,上海点阁信息科技有限公司,4500.0
总经理助理,上海预践商务咨询有限公司,4000.0
市场地推人员,上海瑞网文化传播有限公司,4400.0
录音师助理,上海汇搜信息技术有限公司,3000.0
新媒体运营专员,上海因诺翻译有限公司,4500.0
少儿模特老师,北京爱德康赛广告有限公司,4500.0
摄影助理,上海佛克文化传媒有限公司,3000.0
平面设计师,比乐木业发展（上海）有限公司,3500.0
活动执行,上海惠杰信息技术有限公司,8000.0
平面设计师（汽车KV）,上海悦鹤文化传媒有限公司,3000.0
财务 Intern,维易广告（上海）有限公司,6000.0
公共服务专员（***）,上海丽雨光电有限公司,3500.0
校园合伙人（***）,优界文化传播（上海）有限公司,6000.0
系统维护工程师,上海驷马文化传播有限公司,4000.0
保洁主管/项目经理（储备）,上海英泰郡投资管理咨询有限公司,3300.0
AE,上海启烁文化传媒有限公司,4400.0
WEB/移动端 前端开发岗,上海夏景文化艺术发展有限公司,8000.0
创意美术老师,上海东方数字社区发展有限公司,3000.0
票务助理,公司名,0
展示设计师助理,上海迎圣会展有限公司,2640.0
文案编辑,上海蓝道广告有限公司,1500.0
总经理助理,上海银勋文化传播有限公司,2000.0
营业助理AE,上海波泼么文化传播有限公司,1300.0
管理培训生（活动策划）,贺加斯（上海）影像设计制作有限公司,0
文案策划,珞曦（上海）文化传播有限公司,2000.0
新媒体文案,上海翎秀文化艺术有限公司,4000.0
乐高助教老师,上海汤池影视传媒有限公司,1500.0
上海电台FM100.1主播,上海钧诺广告有限公司,2640.0
设计师,上海涌悦信息科技有限公司,2000.0
直聘签约：演员，模特，歌手艺人,上海联广飞盛文化传媒有限公司,1500.0
娱乐编辑,上海扬华国际旅行社有限公司,2500.0
展览志愿者,上海洛克外滩源美术品有限公司,1980.0
文案编辑,上海云媒网络科技有限公司,2000.0
文案编辑,上海东方传媒技术有限公司,0
食堂厨师,上海申苏环境科技集团有限公司,2500.0
广告销售,灵智精实广告有限公司上海分公司,2200.0
业务助理,上海帕索工业设计有限公司,4000.0
前台接待,上海海絮教育科技有限公司,2000.0
海外客服经理,雄狮国际旅行社（上海）有限公司,2000.0
比外贸更适合英语专业的销售工作,金字塔(上海)展览展示工程有限公司,3000.0
课程顾问,上海双友广告设计制作有限公司,3000.0
新人底薪5000起-年薪百万不是梦-商铺销售,上海亿广信息科技有限公司,2860.0
急聘销售：底薪5000起+提成+双休,上海旭通广告有限公司,2640.0
导演助理,展逸营销策划（上海）有限公司,1500.0
文案策划,苏州舞之动画股份有限公司,2500.0
商务专员,北京易讯理想科技有限公司,2000.0
新媒体运营,上海融佳文化发展有限公司,1500.0
网络销售,上海乐湃文化传播有限公司,2640.0
销售代表,上海六境文化传播有限公司,1500.0
销售代表/电话销售/销售专员,广州德翌电影传媒有限公司,50000.0
创意文案、品牌策划专员,上海科翼文化传播有限公司,1500.0
营销策划助理,上海藏酷文化创意投资有限公司,1760.0
市场助理,上海诗妍文化传媒有限公司,2000.0
媒介开发,上海玫函文化传播有限公司,2000.0
市场助理,上海星碟信息技术有限公司,2800.0
销售助理,上海互金文化传媒有限公司,1500.0
会展项目专员,上海长宁人才发展有限公司,4500.0
客户资源 收入远超同业2倍 年薪40万上海,广州市顶悦餐饮管理有限责任公司上...,3000.0
5000月薪  可无经验 开单有奖,艺巢公司（ATCHAIN）,4000.0
月薪过万 不是梦 那都是成为习惯,泽为资讯集团（SZ&W Group）,10000.0
期待你的加入   逆袭高富帅的机会,圣才电子书（武汉）有限公司,8000.0
招商专员月薪10K左右,中原地产（中国上海）,10000.0
新媒体运营,上海翼宇影视服务有限公司,8000.0
新媒体编辑,上海联游幕传播有限公司,5000.0
大客户销售,上海隆创文化传播有限公司,3500.0
大客户销售,上海漱石信息技术有限公司,5000.0
大客户销售,上海漱石信息技术有限公司,4000.0
大客户销售,上海漱石信息技术有限公司,5000.0
大客户销售,上海漱石信息技术有限公司,5000.0
大客户销售,公司名,0
大客户销售,上海堂玺文化发展有限公司,5000.0
大客户销售,上海朵麦文化发展有限公司,4500.0
大客户销售,上海要灵网络科技有限公司,4000.0
急聘销售：底薪5000起+提成+双休,上海玩童会信息科技有限公司,3000.0
急聘销售：底薪5000起+提成+双休,上海伊人广告有限公司,6000.0
急聘销售：底薪5000起+提成+双休,上海敬贤信息科技有限公司,4500.0
急聘销售：底薪5000起+提成+双休,上海敬贤信息科技有限公司,4500.0
急聘销售：底薪5000起+提成+双休,上海普朗广告有限公司,4500.0
少儿美术老师,中原地产（中国上海）,25000.0
应届毕业生,中原地产（中国上海）,25000.0
国际会议助理,中原地产（中国上海）,20833.333333333336
大客户销售,中原地产（中国上海）,25000.0
大客户销售,广州市顶悦餐饮管理有限责任公司上...,8000.0
急聘销售：底薪5000起+提成+双休,上海齐澄教育科技有限公司,4000.0
急聘销售：底薪5000起+提成+双休,上海齐澄教育科技有限公司,4000.0
急聘销售：底薪5000起+提成+双休,东方福利网,8333.333333333334
急聘销售：底薪5000起+提成+双休,东方福利网,8333.333333333334
微信运营专员/微信运营/微信网络运营专员,东方福利网,8333.333333333334
助教,东方福利网,8333.333333333334
幼师,东方福利网,8333.333333333334
市场助理,东方福利网,8333.333333333334
媒介助理,东方福利网,8333.333333333334
中原工商部直招-商铺销售,东方福利网,8333.333333333334
业务助理,东方福利网,8333.333333333334
外观设计师 ID  (工业设计）,上海翼宇影视服务有限公司,8000.0
业务助理（新客户开发）,上海翼宇影视服务有限公司,8000.0
视觉设计师,上海翼宇影视服务有限公司,8000.0
高端会议销售顾问,上海翼宇影视服务有限公司,8000.0
销售业务员（广告会展）,上海翼宇影视服务有限公司,8000.0
客户执行助理AE,上海鱼伯文化传播有限公司,4000.0
少儿美术老师,上海高登企业发展有限公司,5400.0
大客户销售,上海高登企业发展有限公司,6000.0
大客户销售,东方福利网,8333.333333333334
大客户销售,东方福利网,8333.333333333334
大客户销售,上海翼宇影视服务有限公司,8000.0
大客户销售,上海翼宇影视服务有限公司,8000.0
大客户销售,上海翼宇影视服务有限公司,8000.0
大客户销售,上海翼宇影视服务有限公司,8000.0
急聘销售：底薪5000起+提成+双休,上海悠骊商务咨询有限公司,6000.0
急聘销售：底薪5000起+提成+双休,上海独跃企业管理有限公司,3300.0
急聘销售：底薪5000起+提成+双休,上海独跃企业管理有限公司,5000.0
急聘销售：底薪5000起+提成+双休,上海二十一城广告传媒有限公司,4500.0
大客户销售,上海二十一城广告传媒有限公司,4000.0
销售专员,中原地产（中国上海）,10000.0
大客户销售专员,HONG KONG D&P DESIGN,4000.0
高级销售专员,上海圆塔工业设计有限公司,4500.0
销售专员+周末双休+五险一金,上海圆塔工业设计有限公司,3000.0
销售专员+高新+高提成 周末双休  五险一金,东方福利网,6000.0
销售专员+五险一金+周末双休,决策者（CDMC）,3000.0
高级销售专员+周末双休+五险一金,上海志存文化传播有限公司,4000.0
大客户销售+周末双休+五险一金,公司名,0
英文销售代表,上海志存文化传播有限公司,3000.0
新媒体时尚编辑/文案(应届生）,上海鱼伯文化传播有限公司,4000.0
五险一金诚聘客服专员,东方福利网,8333.333333333334
新媒体运营编辑（电商类）,东方福利网,8333.333333333334
新媒体编辑（时尚买手类）,东方福利网,8333.333333333334
大客户事业部BD业务拓展经理,东方福利网,8333.333333333334
项目专员,东方福利网,8333.333333333334
业务人员,东方福利网,8333.333333333334
电话销售,东方福利网,8333.333333333334
项目助理,上海翼宇影视服务有限公司,8000.0
爱贝英语市场地推-上海虹口校区,上海翼宇影视服务有限公司,8000.0
媒体分析员（应届毕业生）,上海翼宇影视服务有限公司,8000.0
Survey Project Executive（调研项目专员）,上海翼宇影视服务有限公司,8000.0
personal assistant,东方福利网,8333.333333333334
客户/项目助理,深圳市太华世纪文化传播有限公司,5000.0
公关/媒介助理,深圳市太华世纪文化传播有限公司,5000.0
大客户销售,深圳市太华世纪文化传播有限公司,5000.0
市场专员,深圳市太华世纪文化传播有限公司,5000.0
"Account Executive, Advertising & Branding",深圳市太华世纪文化传播有限公司,5000.0
收银员,深圳市太华世纪文化传播有限公司,5000.0
行政助理,深圳市太华世纪文化传播有限公司,5000.0
行政助理,深圳市太华世纪文化传播有限公司,5000.0
销售管理培训生（年薪10W）,上海碧康商务咨询有限公司,8000.0
销售管理培训生（年薪10W）,上海艾摩信息技术有限公司,6000.0
国际会议活动销售,上海温御文化传播有限公司,6000.0
Associate Conference Producer.,上海艾摩信息技术有限公司,5000.0
国际会议销售,上海艾摩信息技术有限公司,5000.0
国际峰会销售代表/销售顾问（年薪10-20W）,上海艾摩信息技术有限公司,8000.0
KA销售,上海泰珲文化传播有限公司,3000.0
财务助理,布莱格会展服务（上海）有限公司,4500.0
出纳,布莱格会展服务（上海）有限公司,4000.0
人力资源助理,赤灵数字科技（上海）有限公司,3500.0
剪辑助理,爱贝国际少儿英语,3000.0
主播经纪助理,上海璞锐公关策划咨询有限公司,3000.0
项目助理,上海智享会商务服务有限公司,8000.0
市场企划专员,上海仁则文化传播有限公司,2640.0
AE客户专员,上海仁则文化传播有限公司,3000.0
节目策划,上海仁则文化传播有限公司,3000.0
新媒体运营专员,东方福利网,8333.333333333334
课程策划,上海聚鹏科技有限公司,4500.0
课程研发,Activation Group,4500.0
储备干部,读者（上海）文化创意有限公司,4000.0
销售储备干部,上海迪康广告传播有限公司,3000.0
应届毕业生,上海迪康广告传播有限公司,3000.0
国际商务专员5500起+高提成+带薪培训+五险一金,泽为资讯集团（SZ&W Group）,6000.0
国际商务专员,泽为资讯集团（SZ&W Group）,8000.0
国际商务专员5500起包住宿 带薪培训（优秀毕业生）,泽为资讯集团（SZ&W Group）,6000.0
国际商务专员5500起+高提成+带薪培训+五险一金,泽为资讯集团（SZ&W Group）,8000.0
国际商务专员5500起+高提成+包住宿+五险一金,泽为资讯集团（SZ&W Group）,6000.0
国际商务专员5500起+高提成+带薪培训+五险一金,泽为资讯集团（SZ&W Group）,10000.0
国际商务专员5500起+高提成+带薪培训+五险一金,公司名,0
国际商务专员5500起+高提成+带薪培训+五险一金,上海万媒文化传播有限公司,3000.0
国际商务专员5500起+高提成+带薪培训+五险一金,上海二十一城广告传媒有限公司,3000.0
国际商务专员5500起+高提成+带薪培训+五险一金,上海二十一城广告传媒有限公司,4200.0
3D设计师/展示道具设计,上海日欣文化传媒有限公司,4000.0
三维设计/3D设计师,上海日欣文化传媒有限公司,3000.0
平面设计师,上海传翔文化传媒有限公司,4500.0
商铺不限购不限贷，商铺销售经理直招,上海艾森营销咨询有限公司,3000.0
人事行政专员,上海艾森营销咨询有限公司,3000.0
办公室行政专员,上海艾森营销咨询有限公司,4000.0
客服专员,上海太微文化传播有限公司,6000.0
文案策划,上海太微文化传播有限公司,6000.0
内容策划,上海太微文化传播有限公司,6000.0
年薪百万不是梦-不限购商铺销售,上海太微文化传播有限公司,6000.0
数据挖掘助理工程师,易乐（上海）商贸有限公司,3000.0
渠道商务,易乐（上海）商贸有限公司,4500.0
健身顾问,易乐（上海）商贸有限公司,3500.0
月薪过万诚聘房地产销售精英――欢迎有梦的你+包住宿,上海创蓝文化传播有限公司,10000.0
美容网站编辑（日语或英语）,上海创蓝文化传播有限公司,10000.0
行政前台,上海创蓝文化传播有限公司,10000.0
房地产销售/月薪4500-7500+提成45/诚聘你加入,上海创蓝文化传播有限公司,10000.0
来这里，揭开你的疑团，看到您真实的样子,上海创蓝文化传播有限公司,10000.0
房产销售 毕业生 月薪4500--6500 高达45提成 不限经验,上海创蓝文化传播有限公司,10000.0
大公司中原地产直招地产销售顾问，无需经验直招,上海创蓝文化传播有限公司,10000.0
趁年轻可以辛苦几年，可千万别辛苦一辈子,上海创蓝文化传播有限公司,10000.0
来中原月薪过万 不是梦 那都是成为习惯,上海创蓝文化传播有限公司,10000.0
房产销售业务Sales（无责任底薪4k-6k提供住宿）,上海创蓝文化传播有限公司,10000.0
商业地产销售/高薪,上海利矢展示设计有限公司,8000.0
来这里，揭开你的疑团，看到您真实的样子,上海利矢展示设计有限公司,8000.0
地产拓展 包住宿无押金综合月薪10000以上,上海利矢展示设计有限公司,8000.0
地产销售，交社保，带薪培训6000+,中原地产（中国上海）,10000.0
伯乐寻千里马+年薪30万,上海玄一堂广告有限公司,4500.0
前台行政,上海玄一堂广告有限公司,4500.0
地推/销售/促销员,上海豆萌科技有限公司,6000.0
DIY烘焙师/营业员/服务员,上海豆萌科技有限公司,4500.0
客户助理,上海豆萌科技有限公司,4000.0
艺术课程顾问/销售代表（底薪四千）,中原地产（中国上海）,10000.0
招聘前台,上海智子信息科技股份有限公司,10000.0
电话录音质检专员,上海智子信息科技股份有限公司,4000.0
售后客服,上海熔煌体育文化发展有限公司,3000.0
销售精英-底薪提成1W+  节假日福利包住宿社保13薪旅游,上海左屋右盛房地产咨询有限公司,10000.0
名酒收藏顾问15000+（无责底薪+优质资源+高额提成）,上海露倩广告有限公司,3000.0
艺术品收藏顾问12K+无责底薪+13薪+包住宿+晋升,上海市国际展览有限公司,4000.0
艺术品收藏顾问 无责底薪+提供住宿转正1W+,中原地产（中国上海）,8000.0
诚招收藏品顾问（底薪+高提成+奖金+13薪）提供住宿,中原地产（中国上海）,12000.0
前台接待,中原地产（中国上海）,25000.0
急招名酒销售15000+提供住宿+大客户资源+无责底薪,中原地产（中国上海）,8000.0
前台,中原地产（中国上海）,16666.666666666668
商务助理,中原地产（中国上海）,20833.333333333336
商务助理,中原地产（中国上海）,10000.0
市场助理,中原地产（中国上海）,5000.0
美工,公司名,0
行政前台,中原地产（中国上海）,12000.0
平面设计,中原地产（中国上海）,6000.0
文案策划/执行,中原地产（中国上海）,25000.0
网站信息员,中原地产（中国上海）,8000.0
美工设计师,东方美谷企业集团上海文化传媒有限...,4000.0
财务助理,艺厨乐（上海）文化创意有限公司,2200.0
销售助理,艺厨乐（上海）文化创意有限公司,4500.0
翻译项目助理,上海溪菱文化传播有限公司,3000.0
客户经理/客户经理助理,上海韶英教育科技有限公司,6000.0
行政助理,上海东藏文化传播有限公司,3500.0
助理,上海东藏文化传播有限公司,4500.0
经理助理,上海东藏文化传播有限公司,4000.0
礼服馆导购,上海东藏文化传播有限公司,10000.0
视频编辑,上海梭丽文化传播有限公司,8000.0
市场策划专员,上海梭丽文化传播有限公司,12000.0
销售代表,上海梭丽文化传播有限公司,6000.0
选样顾问（婚纱摄影）,上海梭丽文化传播有限公司,8000.0
文案 （蚂蚁财富,上海梭丽文化传播有限公司,3800.0
广告文案,上海梭丽文化传播有限公司,12000.0
产品研发助理,上海泊瑞锶品牌策划有限公司,3000.0
市场销售助理,上海泊瑞锶品牌策划有限公司,5000.0
设计专员（内容运营中心）,上海泊瑞锶品牌策划有限公司,4000.0
销售文员,上海泊瑞锶品牌策划有限公司,4000.0
运营助理,上海泊瑞锶品牌策划有限公司,4000.0
促销督导,上海泊瑞锶品牌策划有限公司,5000.0
促销项目管理,上海泊瑞锶品牌策划有限公司,4000.0
销售顾问（内容运营中心）,上海爱堡文化传播有限公司,3000.0
见习编导,上海诺盖斯展览策划有限公司,3000.0
平面设计师 排版设计师,上海畅效网络科技有限公司,3000.0
前台,上海唐基广告有限公司,4500.0
平面设计/封面设计,上海创凌翻译服务有限公司,4500.0
早教中心课程顾问/顾问/销售顾问/销售/亲子游泳,上海创凌翻译服务有限公司,5000.0
早教中心课程顾问/顾问/销售顾问/销售/亲子游泳,上海创凌翻译服务有限公司,4500.0
早教中心课程顾问/顾问/销售顾问/销售/亲子游泳,上海中撼市场营销策划有限公司,4500.0
早教中心课程顾问/顾问/销售顾问/销售/亲子游泳,上海中撼市场营销策划有限公司,3000.0
暑期前台/早教中心暑期前台接待,上海中撼市场营销策划有限公司,3000.0
早教中心前台/接待/行政前台,古摄影,6000.0
萌帆亲子游泳前台――行政前台,古摄影,4000.0
萌帆亲子游泳前台――行政前台,古摄影,3000.0
房地产销售,古摄影,8000.0
网络销售管培生,古摄影,8000.0
商务助理,上海千守营销策划有限公司,4500.0
商务助理,上海麓溢广告传媒有限公司,4500.0
国际商务专员 (对接海外客户 大客户销售代表),上海臻展文化发展有限公司,4400.0
国际商务专员5500起+高提成+带薪培训+五险一金,上海臻展文化发展有限公司,4400.0
国际商务专员     带薪培训+五险一金,深圳新房网络科技有限公司,4500.0
国际商务专员5500起+高提成+带薪培训+五险一金,上海可的广告有限公司,3000.0
国际商务专员5500起+提供住宿+带薪培训+五险一金,上海可的广告有限公司,3000.0
国际商务专员 (松江万达周边 ),上海可的广告有限公司,4500.0
国际商务专员5500起+高提成+带薪培训+五险一金,上海可的广告有限公司,4500.0
国际商务专员5500起+高提成+带薪培训+五险一金,公司名,0
国际商务专员5500起+高提成+带薪培训+五险一金,深圳新房网络科技有限公司,10000.0
国际商务专员5500起+高提成+带薪培训+五险一金,上海三只熊网络科技有限公司,3500.0
国际商务专员,上海谊佳企业形象策划有限公司,4000.0
广告销售/销售代表,上海读客图书有限公司,4000.0
储备干部/储备店长,上海读客图书有限公司,6000.0
行政前台,上海童游文化传播有限公司,8000.0
销售管理培训生,上海童游文化传播有限公司,8000.0
前台行政,上海童游文化传播有限公司,8000.0
国际商务专员5500起+高提成+带薪培训+五险一金,上海童游文化传播有限公司,8000.0
国际商务专员5500起+高提成+带薪培训+五险一金,上海童游文化传播有限公司,2000.0
国际商务专员5500起+高提成+带薪培训+五险一金,上海童游文化传播有限公司,3500.0
海外运营专员  （国际方向 ）,上海童游文化传播有限公司,3500.0
海外运营专员  (国际商务方向),上海童游文化传播有限公司,3500.0
网络运营（短信平台优化）,中原地产（中国上海）,4500.0
互联网销售专员 在线网络销售,上海创蓝文化传播有限公司,10000.0
海外运营专员  (松江万达),上海创蓝文化传播有限公司,4500.0
运营专员,上海创蓝文化传播有限公司,4500.0
连锁舞蹈教室课程顾问打浦桥日月光店,上海创蓝文化传播有限公司,10000.0
舞蹈工作室前台接待,上海创蓝文化传播有限公司,10000.0
连锁舞蹈教室课程顾问瑞虹星星堂,上海创蓝文化传播有限公司,10000.0
数据分析人员,上海创蓝文化传播有限公司,10000.0
"系统售后技术顾问,科技服务部(应届以上)",上海创蓝文化传播有限公司,10000.0
"系统售前服务顾问,科技服务部(应届以上)",上海创蓝文化传播有限公司,10000.0
销售助理,上海创蓝文化传播有限公司,10000.0
电话销售（自有资源）,上海创蓝文化传播有限公司,10000.0
销售代表,上海创蓝文化传播有限公司,10000.0
电话客服专员,上海创蓝文化传播有限公司,10000.0
资深顾问  月薪10000,上海创蓝文化传播有限公司,10000.0
数码助理,上海集讯广告传播有限公司,4500.0
选片师,上海慕言文化传播有限公司,4000.0
早教中心课程顾问/顾问/销售顾问/销售/亲子游泳,新锐营（上海）企业发展有限公司,2000.0
早教中心课程顾问/顾问/销售顾问/销售/亲子游泳,新锐营（上海）企业发展有限公司,4500.0
早教中心课程顾问/顾问/销售顾问/销售/亲子游泳,新锐营（上海）企业发展有限公司,4000.0
央企直招售后专员（无需销售）,上海创蓝文化传播有限公司,10000.0
早教老师/助教（鲱鱼宝宝川沙中心）,上海创蓝文化传播有限公司,10000.0
新媒体运营,上海创蓝文化传播有限公司,10000.0
图书编辑,上海创蓝文化传播有限公司,6000.0
客服专员/助理（印刷行业）,上海创蓝文化传播有限公司,6000.0
市场专员 策划+执行（底薪6k+绩效）,上海创蓝文化传播有限公司,4500.0
CEO助理,上海创蓝文化传播有限公司,10000.0
人事助理兼行政前台,上海创蓝文化传播有限公司,6000.0
行政前台/文员/助理/人事文员,上海创蓝文化传播有限公司,4000.0
客服专员（员工旅游）,明翼舞蹈（美舞（上海）文化传播有...,4000.0
市场专员/市场营销（节日福利）,明翼舞蹈（美舞（上海）文化传播有...,6000.0
商务助理/销售行政（节日福利）,明翼舞蹈（美舞（上海）文化传播有...,4000.0
产品专员,伺动营销科技(上海)有限公司,6666.666666666666
微信运营/微信营销,伺动营销科技(上海)有限公司,6666.666666666666
市场专员（年底双薪）,伺动营销科技(上海)有限公司,6666.666666666666
行政助理/文员,广州市顶悦餐饮管理有限责任公司上...,6000.0
商务助理（五险一金）,广州市顶悦餐饮管理有限责任公司上...,6000.0
销售专员/业务员（通讯补贴）,公司名,0
产品经理助理（带薪年假）,广州市顶悦餐饮管理有限责任公司上...,6000.0
微信运营专员,广州市顶悦餐饮管理有限责任公司上...,5000.0
文员/行政前台/行政秘书/助理/行政人事,广州市顶悦餐饮管理有限责任公司上...,8000.0
产品经理助理（带薪年假）,上海茉莉花开摄影有限公司,2000.0
微信运营/微信营销,上海茉莉花开摄影有限公司,2000.0
售后服务,上海童游文化传播有限公司,8000.0
活动策划（五险一金）,上海童游文化传播有限公司,8000.0
办公室助理/文员,上海童游文化传播有限公司,8000.0
商务专员（节日福利）,中国人寿保险股份有限公司上海市浦...,6000.0
渠道销售/网络销售（员工旅游）,上海迎馨文化传媒有限公司,3000.0
产品专员/产品经理助理,大星（上海）文化传媒有限公司,4500.0
新媒体运营主管/专员,大星（上海）文化传媒有限公司,6000.0
文员,上海倍士图数码图文有限公司,4000.0
商务助理（基础底薪5500+绩效考核）,北京鸿特卓博咨询服务有限公司,6000.0
客户经理/电话销售（无责底薪5500）,北京鸿特卓博咨询服务有限公司,5000.0
办公室文员/行政前台/文员/助理/人事文员,北京鸿特卓博咨询服务有限公司,5000.0
初级产品经理/产品助理/产品运营/产品策划,北京鸿特卓博咨询服务有限公司,5000.0
自媒体运营/内容运营/用户运营/活动运营,北京鸿特卓博咨询服务有限公司,5000.0
运营专员/运营助理/用户运营/市场营销,北京鸿特卓博咨询服务有限公司,6000.0
售后客服/淘宝客服/电话客服/天猫客服,北京鸿特卓博咨询服务有限公司,6000.0
市场营销专员/市场推广/企划专员/营销,北京鸿特卓博咨询服务有限公司,5000.0
行政人事/行政前台/人事文员/财务文员/文员,北京鸿特卓博咨询服务有限公司,5000.0
行政助理/文员/行政人事/行政前台/销售行政,北京鸿特卓博咨询服务有限公司,6000.0
商务助理/销售助理/商务主管/商务拓展,北京鸿特卓博咨询服务有限公司,5000.0
销售/在线销售/销售顾问/网络销售,北京鸿特卓博咨询服务有限公司,6000.0
初级产品经理,北京鸿特卓博咨询服务有限公司,6000.0
自媒体运营专员,北京鸿特卓博咨询服务有限公司,5000.0
售后服务/电话客服/天猫客服/客服助理,北京鸿特卓博咨询服务有限公司,5000.0
市场营销专员/营销策划专员/企划专员,北京鸿特卓博咨询服务有限公司,4300.0
销售代表/在线销售（节日福利）,北京鸿特卓博咨询服务有限公司,5000.0
产品策划专员/产品助理/产品运营/经理助理,北京鸿特卓博咨询服务有限公司,5000.0
微信运营专员/媒体运营/微信营销/运营,北京鸿特卓博咨询服务有限公司,5000.0
运营助理/行政专员/市场助理/市场营销专员,北京鸿特卓博咨询服务有限公司,6000.0
销售客服/在线客户服务/售前售后/客服,北京鸿特卓博咨询服务有限公司,6000.0
市场营销专员/营销策划专员/企划专员,北京鸿特卓博咨询服务有限公司,6000.0
行政文员/总经理秘书/董事长秘书/助理,北京鸿特卓博咨询服务有限公司,6000.0
行政文员/文员/客服文员/行政人事/前台,北京鸿特卓博咨询服务有限公司,5000.0
前台行政/行政专员/前台专员/前台客服,北京鸿特卓博咨询服务有限公司,6000.0
商务助理/销售助理/商务主管/商务拓展,北京鸿特卓博咨询服务有限公司,5000.0
电话销售/客服/销售/销售代表,北京鸿特卓博咨询服务有限公司,6000.0
产品助理/产品专员/产品运营/产品策划专员,北京鸿特卓博咨询服务有限公司,6000.0
新媒体运营/用户运营/活动运营/运营专员,北京鸿特卓博咨询服务有限公司,5000.0
运营专员/运营助理/用户运营/市场营销,北京鸿特卓博咨询服务有限公司,6500.0
售后在线客服/客服代表/话务员/坐席代表,北京鸿特卓博咨询服务有限公司,6500.0
市场营销专员/市场推广/企划专员/营销,北京鸿特卓博咨询服务有限公司,8000.0
行政前台/销售行政/行政秘书/助理/文员,北京鸿特卓博咨询服务有限公司,5000.0
销售助理/商务支持/销售行政/ 商务代表,北京鸿特卓博咨询服务有限公司,4500.0
销售行政/销售内勤/销售专员/销售顾问,北京鸿特卓博咨询服务有限公司,4500.0
销售助理/商务支持/销售行政/ 销售代表,北京鸿特卓博咨询服务有限公司,4300.0
销售专员/销售助理/电话销售(通讯补贴),北京鸿特卓博咨询服务有限公司,4500.0
渠道拓展专员（环上海公司）,公司名,0
人事行政文员,北京鸿特卓博咨询服务有限公司,8000.0
行政前台,北京鸿特卓博咨询服务有限公司,6000.0
销售经理,北京鸿特卓博咨询服务有限公司,5000.0
客户代表,北京鸿特卓博咨询服务有限公司,6000.0
项目助理,北京鸿特卓博咨询服务有限公司,6500.0
客户经理,北京鸿特卓博咨询服务有限公司,6000.0
人事行政助理,北京鸿特卓博咨询服务有限公司,6500.0
前台/行政助理,北京鸿特卓博咨询服务有限公司,6500.0
平面设计助理,北京鸿特卓博咨询服务有限公司,8000.0
婚礼设计师助理,北京鸿特卓博咨询服务有限公司,5000.0
行政前台,北京鸿特卓博咨询服务有限公司,6500.0
销售专员/销售代表,北京鸿特卓博咨询服务有限公司,4500.0
销售专员/销售代表,北京鸿特卓博咨询服务有限公司,4500.0
招聘助理,北京鸿特卓博咨询服务有限公司,4500.0
工厂客服/客服助理,北京鸿特卓博咨询服务有限公司,4500.0
灵思上海――前台接待,北京鸿特卓博咨询服务有限公司,11000.0
杂志社美工,北京鸿特卓博咨询服务有限公司,6500.0
行政票务,北京鸿特卓博咨询服务有限公司,6500.0
"Consultant, Verbal Identity",北京鸿特卓博咨询服务有限公司,8000.0
Corporate Branding Intern,北京鸿特卓博咨询服务有限公司,6000.0
客服专员 做五休二 8小时制 免费班车,北京鸿特卓博咨询服务有限公司,4500.0
海外运营专员 （五险一金 +绩效奖金）,北京鸿特卓博咨询服务有限公司,4500.0
运营专员   （对接海外方向）,北京鸿特卓博咨询服务有限公司,4500.0
客服专员 做五休二 工作轻松,北京鸿特卓博咨询服务有限公司,8000.0
客服专员 做五休二 8小时制 免费班车,北京鸿特卓博咨询服务有限公司,8000.0
电话客服,北京鸿特卓博咨询服务有限公司,6000.0
销售代表,深圳新房网络科技有限公司,8000.0
Foreign Conference Sales Executive 国外会议销售,上海丝芭文化传媒有限公司,4500.0
运营助理/行政专员/市场助理/市场营销专员,上海贝思诺广告有限公司,3000.0
客服/网店客服/技术支持/售前咨询/售后服务,上海景桥文化传播有限公司,6000.0
市场营销专员/营销策划专员/企划专员,上海景桥文化传播有限公司,3000.0
办公室文员/行政前台/文员/助理/人事文员,上海景桥文化传播有限公司,4500.0
行政秘书/行政/行政助理/行政文员/前台,上海景桥文化传播有限公司,6000.0
商务助理/销售助理/商务主管/商务拓展,上海安鲁展览展示有限公司,4000.0
大客户销售/销售代表/业务代表/销售专员,上海笔克联动市场策划咨询有限公司,3000.0
运营助理/行政专员/市场助理/市场营销专员,堂皇机构・地壹行,4500.0
销售客服/在线客户服务/售前售后/客服,上海灯鑫文化传播有限公司,4500.0
活动策划/市场营销专员/企划专员/营销顾问,上海尚岳广告有限公司,4500.0
自媒体运营/内容运营/用户运营/活动运营,上海检风文化传媒有限公司,8000.0
行政文员/总经理秘书/董事长秘书/助理,上海检风文化传媒有限公司,8000.0
行政/行政专员/助理/行政秘书/行政前台,上海嘉捷广告有限公司,6000.0
销售助理/商务支持/销售行政/ 商务代表,上海颐阳广告有限公司,3500.0
运营专员/运营助理/用户运营/市场营销,灵思云途营销顾问股份有限公司,3500.0
活动策划/市场营销专员/企划专员/营销顾问,上海阜康文化传播有限公司,4000.0
APP产品专员/产品助理/产品策划/产品推广,上海宽创国际文化创意有限公司,5000.0
微信运营专员/媒体运营/微信营销/运营,上海朗标企业管理咨询有限公司,0
产品专员/产品经理助理/产品策划/经理助理,上海朗标企业管理咨询有限公司,2200.0
销售客服/在线客户服务/售前售后/客服,上海创蓝文化传播有限公司,4500.0
总裁助理/行政文员/财务文员/商务文员,上海创蓝文化传播有限公司,4500.0
行政秘书/行政专员/助理/文员/行政前台,上海创蓝文化传播有限公司,6000.0
商务助理/销售助理/商务主管/商务拓展,公司名,0
高级销售顾问/销售/销售经理/销售专员/区域销售,上海创蓝文化传播有限公司,4500.0
售后在线客服/客服代表/话务员/坐席代表,上海创蓝文化传播有限公司,4500.0
活动策划/市场营销专员/企划专员/营销顾问,上海捷信医药科技股份有限公司,4000.0
微信运营专员/媒体运营/微信营销/运营,上海英致商务咨询有限公司,5000.0
APP产品经理,上海英致商务咨询有限公司,5000.0
微信运营/微信营销,北京尚可卓博信息科技有限公司,8000.0
行政前台/销售行政/行政秘书/助理/文员,北京尚可卓博信息科技有限公司,4500.0
商务助理/销售行政销售/商务代表/销售代表,北京尚可卓博信息科技有限公司,6500.0
销售代表/业务代表/销售顾问/客户代表/营销,北京尚可卓博信息科技有限公司,5000.0
互联网产品经理助理,北京尚可卓博信息科技有限公司,4300.0
新媒体运营主管/专员,北京尚可卓博信息科技有限公司,4500.0
售后服务,北京尚可卓博信息科技有限公司,11000.0
市场专员（节日福利）,北京尚可卓博信息科技有限公司,8000.0
办公室文员,北京尚可卓博信息科技有限公司,5000.0
客户经理（五险一金）,北京尚可卓博信息科技有限公司,8000.0
平面设计助理,北京尚可卓博信息科技有限公司,6500.0
行政专员/助理/文员,北京尚可卓博信息科技有限公司,4500.0
销售助理/商务支持（带薪年假）,北京尚可卓博信息科技有限公司,4300.0
产品经理助理,北京尚可卓博信息科技有限公司,4500.0
微信公众号运营,北京尚可卓博信息科技有限公司,8000.0
客户支持服务/售前服务/售后服务,北京尚可卓博信息科技有限公司,8000.0
活动策划（五险一金）,北京尚可卓博信息科技有限公司,6500.0
业务员/销售/客户代表（带薪年假）,北京尚可卓博信息科技有限公司,6500.0
秘书/文员,北京尚可卓博信息科技有限公司,6500.0
行政助理/文员/文秘（年底三薪）,北京尚可卓博信息科技有限公司,5000.0
商务助理/销售行政（节日福利）,北京尚可卓博信息科技有限公司,4500.0
产品助理（定期体检）,北京尚可卓博信息科技有限公司,5000.0
微信运营/微信营销,北京尚可卓博信息科技有限公司,4500.0
电话销售/销售代表/客户经理（绩效奖金）,北京尚可卓博信息科技有限公司,11000.0
微博等自媒体运营,北京尚可卓博信息科技有限公司,6000.0
客服专员（员工旅游）,北京尚可卓博信息科技有限公司,6500.0
电话销售/销售助理（无责底薪5500）,北京尚可卓博信息科技有限公司,6500.0
市场督导 促销督导（节日福利）,北京尚可卓博信息科技有限公司,6000.0
行政助理/文员/文秘（年底三薪）,北京尚可卓博信息科技有限公司,5000.0
商务助理（五险一金）,北京尚可卓博信息科技有限公司,4500.0
商务行政助理（基础底薪5500+绩效考核）,北京尚可卓博信息科技有限公司,4500.0
产品专员/产品经理助理,北京尚可卓博信息科技有限公司,11000.0
售后客服基础薪资6000额外加绩效,北京尚可卓博信息科技有限公司,6000.0
活动策划/活动执行,北京尚可卓博信息科技有限公司,6000.0
行政助理/文员/文秘（年底三薪）,北京尚可卓博信息科技有限公司,5000.0
行政助理/文员,北京尚可卓博信息科技有限公司,6000.0
行政助理,北京尚可卓博信息科技有限公司,5000.0
后期剪辑,北京尚可卓博信息科技有限公司,6000.0
体验设计,上海要灵网络科技有限公司,4000.0
角色扮演/演员,北京尚可卓博信息科技有限公司,5000.0
前台收银/储备干部,北京尚可卓博信息科技有限公司,6000.0
广告销售,北京尚可卓博信息科技有限公司,5000.0
上海媒介专员,北京尚可卓博信息科技有限公司,5000.0
签约快手演员/模特/主播（推广）,北京尚可卓博信息科技有限公司,5000.0
客服,北京尚可卓博信息科技有限公司,6000.0
市场专员/助理,公司名,0
教务运营/运营助理,北京尚可卓博信息科技有限公司,6000.0
少儿教师 浦东,北京尚可卓博信息科技有限公司,5000.0
网络客服专员,北京尚可卓博信息科技有限公司,5000.0
美术设计,北京尚可卓博信息科技有限公司,6000.0
活动策划,北京尚可卓博信息科技有限公司,5000.0
急聘销售代表,北京尚可卓博信息科技有限公司,5000.0
网店高级设计师,北京尚可卓博信息科技有限公司,6000.0
网店设计助理,北京尚可卓博信息科技有限公司,6000.0
网店设计师助理,北京尚可卓博信息科技有限公司,5000.0
文员,北京尚可卓博信息科技有限公司,6000.0
物业管理客服（英语）,北京尚可卓博信息科技有限公司,6000.0
业务助理,北京尚可卓博信息科技有限公司,5000.0
展陈策划师助理,北京尚可卓博信息科技有限公司,6000.0
大客户销售经理,北京尚可卓博信息科技有限公司,6000.0
平面设计师,北京尚可卓博信息科技有限公司,5000.0
摄影助理（欢迎热爱摄影的优秀应届毕业生）,北京尚可卓博信息科技有限公司,5000.0
艺人经纪人/公关,北京尚可卓博信息科技有限公司,6000.0
后期/视频,北京尚可卓博信息科技有限公司,5000.0
亚克力制作工/激光雕刻工,北京尚可卓博信息科技有限公司,5000.0
印刷操作工（包住）,iEVER,2000.0
打磨抛光普工,iEVER,1500.0
结算专员（应收）,上海濮瑞文化创意有限公司,5000.0
报价工程师,上海濮瑞文化创意有限公司,4000.0
结构设计师,上海濮瑞文化创意有限公司,4000.0
商务助理,上海银橙文化传媒股份有限公司,4000.0
（急聘）业务助理,心触动（武汉）科技有限公司,4500.0
生产跟单员,北京龙族星工厂娱乐有限公司,16666.666666666668
业务跟单员,佳兆业文化体育发展有限公司,4500.0
采购助理/文员,迈学文化传播（上海）有限公司,6000.0
外贸项目助理,上海弈童天地文化传媒有限公司,3000.0
成本会计,上海弈童天地文化传媒有限公司,4500.0
项目执行/项目跟单/助理,上海来凹网络科技有限公司,4500.0
客服专员,上海星拓文化传播有限公司,4000.0
跟单/业务内勤,上海星拓文化传播有限公司,6000.0
CAM/CNC工程师（机电一体化毕业）,上海微阵科技有限公司,15000.0
研发工程师,上海魔方企业形象设计有限公司,4500.0
行政专员/前台接待,上海魔方企业形象设计有限公司,3000.0
CNC/电脑雕刻机操作员,上海魔方企业形象设计有限公司,3000.0
项目助理,上海龙韵广告传播股份有限公司,3500.0
报价员,上海源创房屋销售有限公司,4500.0
锯床工,上海源创房屋销售有限公司,4000.0
平面设计助理,力方国际-上海公司,3000.0
助理培训师,力方国际-上海公司,8000.0
店铺店员,上海佳责文化传媒有限公司,5000.0
收银员,上海鼎邦摄影有限公司,2000.0
上海影城服务员,上海次维文化传播有限公司,4500.0
上海影城放映员,上海次维文化传播有限公司,3520.0
送餐员 提供住宿车辆（8000元饿了么直招）,上海利霸电子科技有限公司,6000.0
Marketing Executive市场主管,上海利霸电子科技有限公司,4500.0
Commercial Assistant(Assistant AE),上海利霸电子科技有限公司,6000.0
Commercial Assistant/Sales Assistant(Sales方向),公司名,0
Sales Assistant销售助理(sales方向),上海利霸电子科技有限公司,6000.0
销售管理培训生,上海利霸电子科技有限公司,6000.0
Yahoo平台广告运营（包住）,上海利霸电子科技有限公司,8000.0
客服专员（包住 双休）,上海利霸电子科技有限公司,4500.0
平面设计师,上海利霸电子科技有限公司,6000.0
送餐员 提供住宿车辆（8000元饿了么直招）,上海利霸电子科技有限公司,6000.0
送餐员 提供住宿车辆（8000元饿了么直招）,上海利霸电子科技有限公司,5000.0
送餐员 提供住宿车辆（8000元蜂鸟直招）,上海利霸电子科技有限公司,5000.0
广告优化师（欢迎应届生）,上海利霸电子科技有限公司,8000.0
高薪诚聘互联网广告销售精英（包住餐补）谢小姐,上海利霸电子科技有限公司,4500.0
SEO编辑（网站编辑）,上海利霸电子科技有限公司,8000.0
.NET工程师,上海利霸电子科技有限公司,4500.0
客服专员/助理 --***,上海利霸电子科技有限公司,6000.0
医学经理,上海利霸电子科技有限公司,6000.0
医学编辑,上海利霸电子科技有限公司,6000.0
媒介企划人员,上海利霸电子科技有限公司,4500.0
天真蓝naiveblue销售助理/店员,上海利霸电子科技有限公司,6000.0
天真蓝naiveblue前台/客服/暖心店员,上海利霸电子科技有限公司,5000.0
天真蓝naiveblue前台/客服/暖心店员,上海利霸电子科技有限公司,5000.0
天真蓝naiveblue销售助理/店员,上海利霸电子科技有限公司,6000.0
Team Assistant--项目助理,贝宜秀（上海）文化娱乐有限公司,3000.0
宝贝成长规划师（销售）,AGE艾加国际金融咨询集团,4500.0
照片鉴赏顾问,上海知合文化发展有限公司,3000.0
照片鉴赏顾问,上海知合文化发展有限公司,3500.0
销售顾问（宿舍+大平台）浦东新区,北京东融信诚投资有限公司,3000.0
销售顾问（徐汇区）,北京东融信诚投资有限公司,3000.0
管理培训生（销售方向）杨浦区,上海煜域文化传播有限公司,6000.0
销售顾问（宿舍+大平台）普陀区,上海吾本那米信息科技有限公司,6000.0
销售顾问（宿舍+大平台）静安区,上海吾本那米信息科技有限公司,2200.0
高端销售顾问（浦东新区）,上海吾本那米信息科技有限公司,6000.0
高端销售顾问杨浦区,上海吾本那米信息科技有限公司,4500.0
销售顾问（宿舍+大平台）静安区,上海迪岸广告有限公司,8000.0
销售顾问（宿舍+大平台）徐汇区,上海天擎信息技术有限公司,4500.0
店务/影楼助理（徐汇区）,上海天擎信息技术有限公司,4500.0
客服专员,上海天擎信息技术有限公司,5000.0
市场开发专员,上海煜域文化传播有限公司,6000.0
广告销售专员,上海煜域文化传播有限公司,6000.0
海外峰会销售（上市集团）,上海煜域文化传播有限公司,6000.0
海外客户代表,上海天擎信息技术有限公司,4000.0
初级销售代表,上海天擎信息技术有限公司,4500.0
初级客户代表（海外销售方向）,上海天擎信息技术有限公司,4500.0
财务助理,上海艾莎信息科技有限公司,3000.0
动画师,上海艾莎信息科技有限公司,3300.0
广告制作执行,上海艾莎信息科技有限公司,15000.0
剪辑师,上海艾莎信息科技有限公司,3000.0
探店编辑,上海前景传媒股份有限公司,6000.0
投资顾问/金融网络销售（比特币方向）,天真蓝,4000.0
区块链/比特币矿机 销售,天真蓝,4000.0
矿机运维/ 软件工程师,天真蓝,4000.0
视频工程师/技术员,天真蓝,5000.0
灯光工程师/技术员,公司名,0
视频工程师/技术员,法兰克福展览（上海）有限公司,4500.0
文案编辑,上海玛瑞莎摄影有限公司,10000.0
提供住宿 结构设计师,上海玛瑞莎摄影有限公司,10000.0
机器人乐园现场讲解员,上海玛瑞莎摄影有限公司,10000.0
机电维保技术员,上海玛瑞莎摄影有限公司,10000.0
网页美工,上海玛瑞莎摄影有限公司,10000.0
采购助理,上海玛瑞莎摄影有限公司,8000.0
新媒体文案,上海玛瑞莎摄影有限公司,10000.0
行政前台,上海玛瑞莎摄影有限公司,10000.0
计算机技术员,上海玛瑞莎摄影有限公司,10000.0
数据录入文员,上海玛瑞莎摄影有限公司,8000.0
开发经理,上海玛瑞莎摄影有限公司,10000.0
前台接待,上海玛瑞莎摄影有限公司,10000.0
影城市场助理,上海玛瑞莎摄影有限公司,4500.0
影城市场助理,镜尚传媒有限公司,4000.0
漫画色彩助理,镜尚传媒有限公司,5000.0
漫画场景助理,镜尚传媒有限公司,5000.0
仓库管理员,决策者（CDMC）,3000.0
服装制版师,决策者（CDMC）,8000.0
市场专员,决策者（CDMC）,8000.0
C# Developer C#开发工程师,决策者（CDMC）,10000.0
销售（应届毕业生）,上海恒代齐力企业形象策划有限公司,3500.0
flash软件工程师,上海奥萨文化传播有限公司,6000.0
项目执行（客户沟通方向）,上海奥萨文化传播有限公司,8000.0
主播网红艺人打造,上海奥萨文化传播有限公司,10000.0
招聘素人主播,迈醍传媒,4500.0
招映客来疯平台主播打造,上海贝富文化传播有限公司,10000.0
娱乐主播可新人,上海贝富文化传播有限公司,8333.333333333334
挑战自己高薪主播,上海贝富文化传播有限公司,8333.333333333334
高薪诚聘网红主播待遇优,上海华丽达视听科技有限公司,3000.0
歌手演员模特,上海华丽达视听科技有限公司,3000.0
花椒主播招聘底薪5K,上海华丽达视听科技有限公司,4500.0
直招网络主播歌手可新人,上海欧马腾软件有限公司,4500.0
歌手主播,上海聚特集团,4000.0
招聘绿色平台主播,上海新世傲文化传播股份有限公司,3000.0
主播网络艺人打造,上海新世傲文化传播股份有限公司,3000.0
招陌陌奇秀平台网络主播,上海新世傲文化传播股份有限公司,3000.0
招娱乐网红主播,上海新世傲文化传播股份有限公司,4500.0
空间设计助理（可接收应届生）,上海新世傲文化传播股份有限公司,3000.0
项目部英文助理,上海新世傲文化传播股份有限公司,3000.0
市场销售/电话销售/会展开发专员,上海同高信息技术有限公司,2860.0
多媒体产品经理,上海同高信息技术有限公司,3000.0
人事行政助理,门承文化传播（上海）有限公司,6000.0
PHP程序员,安宝示展览展示工程（上海）有限公司,4000.0
工程部英文助理,比高电影城,3500.0
市场渠道拓展,比高电影城,3500.0
广告文案策划,上海漫铠动漫科技发展有限公司,4000.0
客户主任（运动品牌线下活动）,上海漫铠动漫科技发展有限公司,2200.0
项目管理员,上海漫铠动漫科技发展有限公司,3000.0
国际峰会销售代表/英语销售,上海漫铠动漫科技发展有限公司,3000.0
国际高端会议咨询师/英语销售,公司名,0
一手房销售 别处无此厚爱,德庭（上海）文化发展有限公司,3000.0
跟单员/客户服务,佰路得信息技术（上海）有限公司,7000.0
平面设计师,上海创幸文化创意展示有限公司,4500.0
人事专员,上海创幸文化创意展示有限公司,4500.0
行政前台/专员,大贺传媒股份有限公司上海分公司,3500.0
川沙区域急招售后专员晋升公平公正,上海库枚文化传媒有限公司,8000.0
川沙区域急招售后专员月薪6000,上海库枚文化传媒有限公司,8000.0
销售专员-懂英语或日语，限定应届生，长宁区世茂上班,上海库枚文化传媒有限公司,8000.0
一手新房销售代表/置业顾问――月薪过万+提供住宿,上海库枚文化传媒有限公司,8000.0
市场助理,上海库枚文化传媒有限公司,8000.0
工商外勤,上海库枚文化传媒有限公司,8000.0
销售经理,上海库枚文化传媒有限公司,8000.0
人事助理,上海库枚文化传媒有限公司,8000.0
销售经理,上海库枚文化传媒有限公司,8000.0
网络销售专员,上海库枚文化传媒有限公司,8000.0
外服-日本事业部（行政前台）,上海库枚文化传媒有限公司,8000.0
招聘助理（,上海库枚文化传媒有限公司,8000.0
行政助理,上海库枚文化传媒有限公司,8000.0
行政前台―FV,上海库枚文化传媒有限公司,8000.0
市场商务部门助理,上海妙文会展服务有限公司,6000.0
增值税退税专员/会计专员,上海妙文会展服务有限公司,4500.0
急招电话销售无责底薪6K-1W+包吃住+室内销售+双休,上海妙文会展服务有限公司,4500.0
油画老师,上海妙文会展服务有限公司,6000.0
前台客服,上海妙文会展服务有限公司,7000.0
平面设计助理,上海妙文会展服务有限公司,4500.0
打印员/操作员,上海妙文会展服务有限公司,4500.0
采购员,上海东方希杰商务有限公司/东方购...,5000.0
商务助理,上海东方希杰商务有限公司/东方购...,5000.0
美工（嘉定工厂）,达生市场推广上海分公司,3500.0
广告标识的项目助理（市区）,达生市场推广上海分公司,3500.0
美工（嘉定工厂）,上海会宣商务咨询有限公司,10000.0
广告标识的项目助理（市区）,上海会宣商务咨询有限公司,10000.0
海外航空金融会议销售专员,中原地产（中国上海）,24000.0
平面设计助理,江苏百成数码影业有限公司,4500.0
海外项目代表（航空）,江苏百成数码影业有限公司,4500.0
急聘销售：底薪5000起+提成+双休,江苏百成数码影业有限公司,4500.0
大客户销售,上海智将广告有限公司,4000.0
大客户销售,中国人寿保险股份有限公司上海市浦...,6000.0
大客户销售,中国人寿保险股份有限公司上海市浦...,6000.0
大客户销售,上海熙鸿广告有限公司,4500.0
急聘销售：底薪5000起+提成+双休,上海左屋右盛房地产咨询有限公司,10000.0
大客户销售,星华隆咨询（上海）有限公司,2750.0
急聘销售：底薪5000起+提成+双休,一企非凡（上海）企业登记代理有限...,3000.0
淘宝海淘自媒体编辑,一企非凡（上海）企业登记代理有限...,8000.0
网络推广专员,一企非凡（上海）企业登记代理有限...,3000.0
出纳,一企非凡（上海）企业登记代理有限...,8000.0
话务员酒店预订客服,一企非凡（上海）企业登记代理有限...,6000.0
电话销售兼客服,上海艺言堂形象策划有限公司,2000.0
大客户事业部app销售（应届生职位）,上海艺言堂形象策划有限公司,2000.0
大客户事业部商务BD专员（应届生职位）,上海艺言堂形象策划有限公司,3300.0
设计助理（上海）,公司名,0
市场开发部业务代表（应届生亦可）公司提供培训,上海艺言堂形象策划有限公司,2640.0
交银康联（月薪12K聘）电话理财顾问,上海艺言堂形象策划有限公司,6000.0
售前客服（技术支持）月薪8K,上海艺言堂形象策划有限公司,6000.0
无责任底薪4000起招聘电话销售工作地点安亭,上海鹏诚展览展示服务有限公司,4600.0
月收入不会低于1万块的销售安亭13585986658,上海步歌文化传播有限公司,4500.0
前台,上海步歌文化传播有限公司,3000.0
搜狗销售,上海校源环境艺术有限公司,5000.0
CAD设计/制图,上海统杰图文制作有限公司,4000.0
市场专员,上海统杰图文制作有限公司,4000.0
赛道管理/安全员,上海昌劲金融机具标识有限公司,3500.0
吉他老师,上海昌劲金融机具标识有限公司,3000.0
奥尔夫音乐启蒙老师,上海昌劲金融机具标识有限公司,3500.0
上海环艺非全日制服务员（***小时工）,上海昌劲金融机具标识有限公司,3000.0
大客户事业部商务拓展BD,上海昌劲金融机具标识有限公司,3500.0
运营专员/广告优化师,上海翱蒲商务咨询有限公司,3000.0
市场专员,上海翱蒲商务咨询有限公司,4500.0
广告销售,上海翱蒲商务咨询有限公司,6000.0
外联助理,上海翼宇影视服务有限公司,8000.0
市场策划助理,东方福利网,8333.333333333334
市场专员,东方福利网,8333.333333333334
大客户销售,东方福利网,8333.333333333334
大客户销售,东方福利网,8333.333333333334
大客户销售,上海翼宇影视服务有限公司,8000.0
招生课程顾问 五险一金,东方福利网,8333.333333333334
幼儿教育课程顾问（五险一金）,上海翼宇影视服务有限公司,8000.0
美术助教,上海艾摩信息技术有限公司,6000.0
少儿陶艺助教老师（五险一金）,上海来凹网络科技有限公司,6000.0
创意美术助教老师,上海浪尖工业设计有限公司,4000.0
早教顾问老师五险一金,上海盟轩展览服务有限公司,8000.0
课程销售专员(杨浦/虹口/浦东）,上海盟轩展览服务有限公司,8000.0
早教顾问老师,上海艾摩信息技术有限公司,8000.0
课程销售  五险一金,上海艾摩信息技术有限公司,8000.0
招生教务专员 五险一金,上海富百群贸易有限公司,8000.0
课程规划师 五险一金,点意空间（上海）展览设计工程有限...,3000.0
招生教务专员 五险一金,上海影呈文化传媒中心,8000.0
课程规划师 五险一金,上海影呈文化传媒中心,8000.0
课程销售专员 五险一金,中原地产（中国上海）,8333.333333333334
教务课程助理,中原地产（中国上海）,6000.0
美术助教+带薪培训+五险一金,上海郡州广告有限公司,2640.0
幼教课程顾问+五险一金+话补,上海国德网络科技有限公司,5000.0
幼教课程顾问+五险一金+话补,仲野国际贸易（上海）有限公司,4500.0
美术助教（五险一金 浦东）,上海力盛赛车文化股份有限公司,6000.0
美术助教（五险一金）,上海力盛赛车文化股份有限公司,4500.0
周末美术助教老师（***）,上海莫乐文化传播有限公司,4500.0
幼教课程顾问老师（平日双休五险一金）,上海莫乐文化传播有限公司,4500.0
幼儿教育课程顾问（五险一金）,上海梅龙镇广场环艺娱乐管理有限公司,2000.0
幼儿早教课程规划师 五险一金,上海艾摩信息技术有限公司,8000.0
美术助教（五险一金）,上海千策广告有限公司,3000.0
早教课程顾问老师（五险一金）,上海千策广告有限公司,5000.0
早教顾问老师五险一金,上海天涌影视传媒有限公司,3000.0
课程规划师 五险一金,公司名,0
美术助教（五险一金）,上海雅筑文化传播有限公司,4000.0
幼儿教育课程规划师 五险一金,上海雅筑文化传播有限公司,3000.0
课程规划师 五险一金,上海雅筑文化传播有限公司,3000.0
课程销售业务专员（五险一金）,东方福利网,8333.333333333334
美术助教（应届有住宿）,东方福利网,8333.333333333334
课程维护专员 五险一金,东方福利网,8333.333333333334
美术助教,上海泽熙文化传播有限公司,3500.0
课程维护专员 五险一金,上海泽熙文化传播有限公司,3500.0
大客户销售,上海泽熙文化传播有限公司,2000.0
赛事活动执行专员岗,上海泽熙文化传播有限公司,4500.0
外派人事,上海泽熙文化传播有限公司,4500.0
剪辑师,上海泽熙文化传播有限公司,3500.0
婚纱旅拍网络销售,上海泽熙文化传播有限公司,3500.0
大客户销售,上海泽熙文化传播有限公司,3500.0
大客户销售,上海泽熙文化传播有限公司,3500.0
课程销售顾问,上海泽熙文化传播有限公司,3500.0
经理助理  展会专员,上海泽熙文化传播有限公司,3500.0
高薪聘销售代表-教育行业,上海泽熙文化传播有限公司,3500.0
***市场推广人员-可转正,上海泽熙文化传播有限公司,3500.0
销售助理-宝山共康,上海泽熙文化传播有限公司,3500.0
架子鼓教师,上海泽熙文化传播有限公司,3500.0
前台销售,上海泽熙文化传播有限公司,3500.0
咖啡师助理,上海泽熙文化传播有限公司,5000.0
项目助理,上海泽熙文化传播有限公司,5000.0
人事行政专员,上海泽熙文化传播有限公司,3500.0
置业顾问、房产经纪人,上海泽熙文化传播有限公司,3500.0
早教中心托班老师/助教（鲱鱼宝宝川沙中心）,上海泽熙文化传播有限公司,0
美术老师,上海泽熙文化传播有限公司,3500.0
人事专员,上海泽熙文化传播有限公司,3500.0
多媒体设计师,上海泽熙文化传播有限公司,4000.0
摄影助理,上海泽熙文化传播有限公司,3500.0
门市顾问,上海泽熙文化传播有限公司,3500.0
前台客服,上海泽熙文化传播有限公司,4000.0
前台,上海泽熙文化传播有限公司,4000.0
销售行政助理,上海泽熙文化传播有限公司,3500.0
化妆师助理,上海泽熙文化传播有限公司,3500.0
前台接待生,上海泽熙文化传播有限公司,3500.0
化妆助理,上海泽熙文化传播有限公司,3500.0
前台接待/总机/接待生,上海泽熙文化传播有限公司,3000.0
市场专员,上海泽熙文化传播有限公司,3500.0
"沪江佳课高薪诚聘售前客服TMK，早九晚六,月薪8K",上海泽熙文化传播有限公司,4500.0
电核信审诚聘客服专员,上海泽熙文化传播有限公司,3000.0
国际酒店（英语）高端客服,东方福利网,8333.333333333334
银行呼叫中心（月薪12K聘）电话理财顾问,上海尊安同恒文化创意发展有限公司,3000.0
运营支持,上海唯一视觉企业发展有限公司,6000.0
行政助理（偏外勤）,上海唯一视觉企业发展有限公司,6000.0
上海环艺影院合同制全职服务员（梅龙镇）,上海唯一视觉企业发展有限公司,10000.0
上海虹口英皇UA***服务员,东方福利网,8333.333333333334
上海环艺非全日制服务员（***）,东方福利网,8333.333333333334
梦之门：公司聘签约艺人演员,上海漪韵文化艺术发展有限公司,6000.0
大咖免费培训演员艺人（可签约）,公司名,0
（免费培训可签约）演员艺人,上海优亦诚展览展示有限公司,5000.0
助理设计师,上海矜能培训学校有限公司,8000.0
平面设计师,上海矜能培训学校有限公司,4500.0
方案设计师,上海矜能培训学校有限公司,6000.0
方案设计师,上海煜禾文化传媒有限公司,6000.0
助理设计师,上海煜禾文化传媒有限公司,4000.0
平面设计师,重庆西西弗文化传播有限公司,0
助理设计师,上海笔克展览展示有限公司,3000.0
平面设计师,上海尤特实业有限公司,4500.0
空间导向设计师,中原地产（中国上海）,8000.0
方案设计师,上海迎馨文化传媒有限公司,3000.0
方案设计师,上海漪韵文化艺术发展有限公司,4500.0
平面设计师,上海尤特实业有限公司,4500.0
方案设计师,上海格瑞企业策划有限公司,6000.0
16(住宿) 国际会展经济与管理（国际峰会方向）,上海茉莉花开摄影有限公司,2000.0
前台,上海茉莉花开摄影有限公司,2000.0
BD销售,上海茉莉花开摄影有限公司,2000.0
储备团队主管,上海茉莉花开摄影有限公司,2000.0
体育老师,上海茉莉花开摄影有限公司,2000.0
大客户销售,上海茉莉花开摄影有限公司,2000.0
大客户销售,上海茉莉花开摄影有限公司,2000.0
电商广告销售,上海茉莉花开摄影有限公司,2000.0
行政前台,上海茉莉花开摄影有限公司,2000.0
人事行政专员,上海罗乐松萌文化传媒有限公司,5000.0
设计助理,上海影呈文化传媒中心,8000.0
经理助理,上海影呈文化传媒中心,6000.0
文案编辑（互联网方向）,上海影呈文化传媒中心,6000.0
销售代表 正常双休+无责底薪,上海影呈文化传媒中心,8000.0
客服专员+正常双休+早九晚六,上海影呈文化传媒中心,8000.0
美工设计,灵格教育培训（上海）有限公司,4500.0
大客户销售,上海梅龙镇广场环艺娱乐管理有限公司,4500.0
托福TOEFL/ 赛达SAT/ACT助教,上海梅龙镇广场环艺娱乐管理有限公司,0
编导,上海梅龙镇广场环艺娱乐管理有限公司,0
后期剪辑,深圳市艺赋文化传媒有限公司,4500.0
营销顾问,深圳市艺赋文化传媒有限公司,4500.0
大客户销售,深圳市艺赋文化传媒有限公司,4500.0
大客户销售,上海魏玛文化传播有限公司,4500.0
置业顾问/一手办公楼/售楼处,上海魏玛文化传播有限公司,4000.0
财经公关项目助理,上海魏玛文化传播有限公司,4500.0
少儿英语老师培训老师教师,上海魏玛文化传播有限公司,4500.0
海外渠道运营,上海魏玛文化传播有限公司,4500.0
高薪诚聘销售代表，非房产保险金融（无学历要求）,上海魏玛文化传播有限公司,4000.0
收藏品征集人员+外地人优先+无学历无经验要求,上海魏玛文化传播有限公司,4500.0
诚聘收藏品征集人员（无学历无经验要求）,上海魏玛文化传播有限公司,4000.0
收藏品拍卖公司诚聘征集人员（无学历要求）,上海魏玛文化传播有限公司,4500.0
收藏品拍卖公司诚聘征集人员（无学历要求）,上海魏玛文化传播有限公司,4500.0
收藏品拍卖公司诚聘销售代表,上海魏玛文化传播有限公司,4500.0
诚聘销售代表(非保险房产金融）,上海魏玛文化传播有限公司,4000.0
艺术品拍卖公司诚聘客户经理（无学历无经验要求）,上海魏玛文化传播有限公司,4500.0
公司直招，非保险金融房产，诚聘销售代表,上海博勘商务咨询有限公司,6000.0
无学历无经验要求，诚聘艺术品征集人员,公司名,0
寻人启事，寻找脚踏实地的你,上海信淼信息科技有限公司,4000.0
诚招年轻有为的艺术品销售经理,万合体育,8000.0
诚招艺术品征集专员 有志者事竟成,万合体育,8000.0
月薪6K-1W 欢迎应届生加入 晋升空间大,万合体育,8000.0
诚聘销售+带薪年假一个月+月薪过万不是梦,东方福利网,8333.333333333334
（公司直招）收藏品征集专员或团队,东方福利网,8333.333333333334
高薪诚聘电话销售人员非房产保险金融,上海艾摩信息技术有限公司,5000.0
诚聘销售精英+高提成月薪过万,上海卓腾展览展示有限公司,3000.0
艺术品拍卖公司诚聘古玩征集者,上海卓腾展览展示有限公司,3000.0
上海孟源面向四海八荒诚招弟子,上海卓腾展览展示有限公司,3000.0
销售代表，高底薪+高提成+绩效奖+带薪年假30天,上海卓腾展览展示有限公司,3000.0
诚招艺术品征集人员 低学历也能拿高工资,上海欣予营销策划有限公司,6000.0
急聘古玩经纪人 月薪轻松过万,上海欣予营销策划有限公司,6000.0
艺术品征集人员（资源公司提供+配手机+工作6.5小时）,上海欣予营销策划有限公司,4000.0
无责保底四千+无学历要求+外地人优先,简思商务咨询（上海）有限公司,4000.0
月薪保底五千聘电话销售人员,东方福利网,8333.333333333334
无责保底四千+带薪年假30天+高提成,上海安多福教育培训有限公司,6000.0
无责任底薪诚聘销售人员非房产保险金融,上海悦涵文化传播有限公司,3000.0
国际拍卖公司诚聘艺术品征集人才,上海悦涵文化传播有限公司,3000.0
无责任底薪+高提成+工作6.5小时,上海久爱广告有限公司,3000.0
诚招销售专员,东方福利网,8333.333333333334
诚招销售专员,东方福利网,8333.333333333334
诚招电话客服销售4500底薪+提成+30天带薪年假,上海长武市场营销策划有限公司,8000.0
诚招拍品电话征集人员,九富公关顾问（上海）有限公司,6000.0
诚招电话客服销售4500底薪+提成+30天带薪年假,心随文化传播（上海）有限公司,6000.0
客服销售4500底薪+提成 做六休一 30天带薪年假,上海点应网络科技有限公司,6000.0
聘电话销售无责任底薪+提成+30天带薪年假,上海孟源文化传播有限公司,8000.0
客服销售4500底薪+提成     30天带薪年假,上海孟源文化传播有限公司,8000.0
诚聘销售代表月薪轻松过万 带薪年假30天 朝九晚六,上海孟源文化传播有限公司,8000.0
诚招电话客服销售4500底薪+提成+30天带薪年假,上海孟源文化传播有限公司,8000.0
销售无责任底薪3500元真正实现自己梦想的平台,上海孟源文化传播有限公司,8000.0
招聘专员,上海孟源文化传播有限公司,8000.0
财务专员,上海孟源文化传播有限公司,8000.0
古玩拍卖公司诚聘征集人员（无学历要求）,上海孟源文化传播有限公司,8000.0
（公司直招）销售人员或团队，非保险金融房产,上海孟源文化传播有限公司,8000.0
艺术品拍卖公司诚聘艺术品征集人员（无学历要求）,上海孟源文化传播有限公司,8000.0
收藏品拍卖公司诚聘征集人员（无学历要求）,上海孟源文化传播有限公司,8000.0
艺术品拍卖公司诚聘销售精英(无学历要求）,上海孟源文化传播有限公司,8000.0
古玩征集人员（无学历要求，可接受应届毕业生）,上海孟源文化传播有限公司,6000.0
艺术品拍卖公司诚聘征集人员（无学历要求）,上海孟源文化传播有限公司,8000.0
艺术品征集人员+外地人优先考虑+无学历要求,上海孟源文化传播有限公司,8000.0
艺术品拍卖公司诚聘征集人员,上海孟源文化传播有限公司,8000.0
艺术品拍卖公司诚聘销售精英,上海孟源文化传播有限公司,8000.0
行政助理,上海孟源文化传播有限公司,8000.0
客服文员,上海孟源文化传播有限公司,8000.0
客服销售,上海孟源文化传播有限公司,6000.0
电话客服专员,上海孟源文化传播有限公司,6000.0
电话客服,上海孟源文化传播有限公司,6000.0
销售+绩效+提成+补贴,上海孟源文化传播有限公司,6000.0
售前客服,上海孟源文化传播有限公司,6000.0
你敢挑战吗,公司名,0
诚招电话客服，征集人员,上海孟源文化传播有限公司,6000.0
电话销售,上海孟源文化传播有限公司,6000.0
销售专员,上海孟源文化传播有限公司,8000.0
电话客服专员,上海孟源文化传播有限公司,6000.0
诚招电话客服销售3500底薪+提成+30天带薪年假,上海孟源文化传播有限公司,8000.0
售前客服,上海孟源文化传播有限公司,8000.0
诚招销售专员，高底薪+高提成+绩效奖+带薪年假30天,上海孟源文化传播有限公司,6000.0
出纳兼人事,上海孟源文化传播有限公司,6000.0
销售代表,上海孟源文化传播有限公司,8000.0
诚招销售专员，高底薪+高提成+绩效奖+带薪年假30天,上海孟源文化传播有限公司,6000.0
客服,上海孟源文化传播有限公司,4500.0
电话客服销售4500底薪+提成+30天带薪年假,上海孟源文化传播有限公司,6000.0
诚招电话客服销售4500底薪+提成+30天带薪年假,上海孟源文化传播有限公司,6000.0
急聘销售：底薪5000起+提成+双休,上海孟源文化传播有限公司,8000.0
行政助理,上海孟源文化传播有限公司,6000.0
市场助理,上海孟源文化传播有限公司,8000.0
销售助理,上海孟源文化传播有限公司,4500.0
日语售后客服/助理（日企电商）,上海孟源文化传播有限公司,3000.0
项目执行专员,上海孟源文化传播有限公司,4500.0
行业销售经理,上海孟源文化传播有限公司,8000.0
行政人事助理兼前台,上海孟源文化传播有限公司,8000.0
中原地产高薪招聘商业地产置业顾问 欢迎毕业生,上海孟源文化传播有限公司,8000.0
市场专员,上海孟源文化传播有限公司,8000.0
销售顾问,上海孟源文化传播有限公司,8000.0
大客户销售,上海孟源文化传播有限公司,8000.0
会议项目策划,上海孟源文化传播有限公司,6000.0
国际会议销售代表/销售经理,上海孟源文化传播有限公司,8000.0
助理猎头顾问（校园招聘）,上海孟源文化传播有限公司,6000.0
助理猎头顾问（校园招聘）,上海孟源文化传播有限公司,8000.0
广告客户主管,上海孟源文化传播有限公司,2200.0
媒介执行,上海孟源文化传播有限公司,6000.0
网络销售专员,上海孟源文化传播有限公司,8000.0
前台接待,上海孟源文化传播有限公司,6000.0
行政助理（应届毕业生）,上海孟源文化传播有限公司,6000.0
***媒体分析员（英语）,上海孟源文化传播有限公司,8000.0
媒体分析员（大三大四学生）,上海孟源文化传播有限公司,6000.0
媒体分析员（印尼语/全职）,上海孟源文化传播有限公司,8000.0
活动执行――可招应届生,上海孟源文化传播有限公司,8000.0
行政前台,上海孟源文化传播有限公司,8000.0
行政前台,上海孟源文化传播有限公司,8000.0
巡视员,上海孟源文化传播有限公司,8000.0
新媒体时尚编辑（应届生）,上海孟源文化传播有限公司,8000.0
大客户销售主管,上海孟源文化传播有限公司,8000.0
影视现场执行专员,上海孟源文化传播有限公司,6000.0
广告客服专员,上海孟源文化传播有限公司,4500.0
广告客服专员,上海孟源文化传播有限公司,6000.0
客户服务专员,上海孟源文化传播有限公司,6000.0
互动营销助理,上海孟源文化传播有限公司,4500.0
监播***,上海孟源文化传播有限公司,8000.0
资深文案策划,上海孟源文化传播有限公司,8000.0
大客户销售,公司名,0
总部前台,上海翼宇影视服务有限公司,8000.0
AE（客户专员）,上海鹄翼文化发展有限公司,4500.0
天猫医药客服,上海康肯市场营销有限公司,6000.0
医药客服,上海锡鼎实业有限公司,4500.0
媒介专员 social,上海康肯市场营销有限公司,8000.0
天猫客服,商众世纪传媒广告（北京）有限公司,6000.0
AE,上海市微尘文化传播有限公司,10000.0
PPC/SEM Analyst Intern（可转正）,DigitalX 成势广告（上海）有限公司,4000.0
销售经理/区域销售经理/销售代表,中原地产（中国上海）,12500.0
营销策划经理/营销策划专员,勤德士展示器材（中国）有限公司,4000.0
招聘助理,鸟哥笔记(上海青墨网络科技有限公...,5000.0
市场-项目助理（偏项目执行）,东方福利网,8333.333333333334
销售管理培训生,上海易贸商务发展有限公司,6000.0
海外会议销售Oversea Sales,上海易贸商务发展有限公司,8000.0
销售管理培训生（应届生+晋升空间大）,上海易贸商务发展有限公司,5000.0
项目助理,上海易贸商务发展有限公司,5000.0
销售顾问（无责任底薪6000）,北京康斯泰克广告有限公司,4500.0
销售顾问（无责任底薪6K）,北京博雅立方科技有限公司,4000.0
销售顾问（无责任底薪6000）,上海锐普广告有限公司,4500.0
大客户销售,上海璞锐公关策划咨询有限公司,3000.0
分析师助理（月薪下限上万）,上海璞锐公关策划咨询有限公司,3000.0
业务合伙人,上海璞锐公关策划咨询有限公司,2000.0
电话销售,上海璞锐公关策划咨询有限公司,2200.0
服装买手助理,上海璞锐公关策划咨询有限公司,3000.0
大客户销售,上海敏思广告有限公司,4500.0
前台文员,上海网映文化传播股份有限公司,4000.0
急聘销售：底薪5000起+提成+双休,上海中懋国际贸易有限公司,3000.0
大客户销售,框架传媒上海分公司,3000.0
销售顾问（无责任底薪6000）,上海艾摩信息技术有限公司,6000.0
销售顾问（无责任底薪6000）,上海艾摩信息技术有限公司,6000.0
销售顾问（月薪上万）,上海汉跃广告有限公司,4500.0
国外展会项目操作负责人,上海汉跃广告有限公司,4500.0
节目助理,上海汉跃广告有限公司,4500.0
大客户销售,上海汉跃广告有限公司,4500.0
大客户销售,上海汉跃广告有限公司,4000.0
体育记者/编辑（网球、高尔夫、赛车、足球、篮球）,上海晶茂文化传播有限公司,2640.0
急聘销售：底薪5000起+提成+双休,上海仙剑文化传媒股份有限公司,10000.0
展览电话销售专员,东方福利网,8333.333333333334
展览业务/展会销售,灵格教育培训（上海）有限公司,4500.0
市场助理,上海奥狮网络科技有限公司,4500.0
销售代表/业务顾问,上海奥狮网络科技有限公司,4500.0
销售主管/业务主管/大客户销售,上海奥狮网络科技有限公司,3000.0
招标助理,上海奥狮网络科技有限公司,4500.0
运营专员（文案方向）,上海奥狮网络科技有限公司,4500.0
高级商务咨询前台,上海奥狮网络科技有限公司,4500.0
营运员工（上海汶水路店）,瀚与翼（上海）商务咨询有限公司,3000.0
销售顾问（无责任底薪5000+660补贴+300全勤）,上海聚屏网络科技有限公司,3000.0
客服文员,上海聚屏网络科技有限公司,3000.0
销售顾问（无责任底薪6000）,淳博（上海）文化传播股份有限公司,4500.0
分析师助理（月薪下限上万）,上海华昂商务咨询有限公司,4000.0
储备经理,公司名,0
分析师助理（月薪下限上万）,上海华昂商务咨询有限公司,6000.0
分析师助理（月薪下限上万）,上海华昂商务咨询有限公司,6000.0
销售顾问（无责任底薪6000）,上海华昂商务咨询有限公司,8000.0
销售顾问（无责任底薪6000）,赤灵数字科技（上海）有限公司,3000.0
分析师助理（月薪下限上万）,上海旭贵实业有限公司,10000.0
分析师助理（月薪下限上万）,上海旭贵实业有限公司,10000.0
销售顾问（无责任底薪6000）,上海旭贵实业有限公司,10000.0
分析师助理（月薪下限上万）,东方福利网,8333.333333333334
销售顾问（无责任底薪6000）,上海旭贵实业有限公司,5000.0
销售顾问（无责任底薪5000+660补贴+300全勤）,耕图（上海）广告制作有限公司,20000.0
销售顾问（无责任底薪6000）,浙江聚海数据管理有限公司,5000.0
急聘销售：底薪5000起+提成+双休,礼高文化传播（上海）有限公司,6000.0
急聘销售：底薪5000起+提成+双休,东方福利网,8333.333333333334
招商专员,上海颐仁广告有限公司,3000.0
市场助理,上海翼宇影视服务有限公司,8000.0
Fashion Model,东方福利网,8333.333333333334
HZ-跨区域财务结算专员（劳务派遣）,上海旭贵实业有限公司,10000.0
跨区域财务结算专员（劳务派遣）,上海旭贵实业有限公司,6000.0
摄影师助理,上海旭贵实业有限公司,6000.0
搭配师助理（服装）,上海格博展览股份有限公司,4000.0
销售助理,上海易商摄影服务有限公司,5000.0
文案策划,东方福利网,8333.333333333334
大客户销售,东方福利网,8333.333333333334
销售招商专员,ESAY易赛体育传媒,4000.0
招商专员,上海翼宇影视服务有限公司,8000.0
技术申请,上海今怡广告有限公司,3000.0
室内效果图助理,上海今怡广告有限公司,4500.0
新闻编辑（应届毕业生）,上海锡鼎实业有限公司,4500.0
电话销售/inside sales,上海锡鼎实业有限公司,4000.0
记者,上海锡鼎实业有限公司,8000.0
储备干部,上海宽创国际文化创意有限公司,3000.0
哔哩哔哩开放平台画师,上海天采电子商务有限公司,5000.0
高级运营视觉设计师,康格会展（上海）有限公司,4500.0
百事市场助理,红星美凯龙影业,4000.0
媒介购买执行,上海旭贵实业有限公司,10000.0
Investment Strategy-intern,上海旭贵实业有限公司,4500.0
Media Planner 媒介策划,上海旭贵实业有限公司,10000.0
Data Consultant 数据咨询顾问,上海旭贵实业有限公司,5000.0
销售助理-校园招聘,上海旭贵实业有限公司,5000.0
新媒体运营助理-校园招聘,上海旭贵实业有限公司,5000.0
签证助理-校园招聘,上海旭贵实业有限公司,5000.0
公关执行助理-校园招聘,上海旭贵实业有限公司,10000.0
活动执行助理-校园招聘,上海旭贵实业有限公司,10000.0
会展客户助理-校园招聘,上海旭贵实业有限公司,5000.0
3D/三维/设计师,上海旭贵实业有限公司,5000.0
客户专员/会展客户助理/MICE,上海旭贵实业有限公司,10000.0
公关活动助理,上海旭贵实业有限公司,5000.0
市场专员-2018校园招聘,上海旭贵实业有限公司,10000.0
销售助理-2018校园招聘,上海旭贵实业有限公司,10000.0
HZ-会展客户助理-2018校园招聘,上海旭贵实业有限公司,10000.0
Finance Intern (请仔细阅读工作内容和要求）,公司名,0
Art Intern,上海翼宇影视服务有限公司,8000.0
项目文员,上海翼宇影视服务有限公司,8000.0
主题乐园运营专员,润京展览（上海）有限公司,5000.0
项目助理/部门助理,上海迎河展览服务有限公司,3000.0
华东开发专员（应届生）,上海按冉文化传播有限公司,6000.0
开发支援专员--英语,中青旅(上海)国际会议展览有限公司,4500.0
业务代表,中青旅上海国际旅行社有限公司,4500.0
少儿美术老师,上海鑫翱文化传播有限公司,3000.0
课程顾问,上海鑫翱文化传播有限公司,3000.0
少儿美术老师助教,上海郡州广告有限公司,4000.0
市场营销专员,上海动观文化传播有限公司,4500.0
管理培训生（校园招聘）,上海知道广告有限公司,6000.0
会议/会展销售顾问（汽车方向）,上海知道广告有限公司,4000.0
涉外会议/会展销售顾问,上海知道广告有限公司,3000.0
英语电话销售/国际峰会销售/Sales Executive,上海宽创国际文化创意有限公司,6000.0
业务员,上海盛策文化传播有限公司,4500.0
广告制作项目执行,上海红煊文化传媒有限公司,4500.0
外贸跟单员,牛班音乐学校,4500.0
门卫,上海之合网络科技有限公司,6000.0
道具（家具）报价员,上海众月数字科技有限公司,4000.0
办公文员,上海赢迪市场营销服务有限公司,8000.0
广告公司包装工,上海赢迪市场营销服务有限公司,8000.0
大客户销售,上海赢迪市场营销服务有限公司,4000.0
大客户销售,GroupM群邑（上海）广告有限公司,3000.0
大客户销售,GroupM群邑（上海）广告有限公司,1760.0
文案策划,GroupM群邑（上海）广告有限公司,4000.0
无责任底薪4000起，45高提成，我的团队就是你的捷径,GroupM群邑（上海）广告有限公司,6000.0
房产销售 毕业生 月薪3500-5000 高达45提成 不限经验,中青旅(上海)国际会议展览有限公司,4000.0
房产销售 毕业生 月薪3500-5000 高达45提成 不限经验,中青旅(上海)国际会议展览有限公司,4500.0
Manager  储备分行经理（无责任底薪6k-9k）,中青旅(上海)国际会议展览有限公司,3000.0
豪宅营销顾问/市中心高端区域,中青旅(上海)国际会议展览有限公司,4500.0
无责任底薪4000起，45高提成，我的团队就是你的捷径,中青旅(上海)国际会议展览有限公司,4500.0
专业培训师傅带高达45提成，你有赚钱的欲望我给你机会,中青旅(上海)国际会议展览有限公司,4500.0
无责任底薪4000起，45高提成，我的团队就是你的捷径,中青旅(上海)国际会议展览有限公司,4000.0
订房电销计调客服,中青旅(上海)国际会议展览有限公司,4500.0
会展酒店预订电话客服,中青旅(上海)国际会议展览有限公司,4000.0
电销跟单客服,中青旅上海国际旅行社有限公司,4500.0
电话销售/销售代表,中青旅上海国际旅行社有限公司,4500.0
会展酒店预订话务员,中青旅上海国际旅行社有限公司,4500.0
传播策略,北京鹏泰互动广告有限公司上海分公司,2640.0
销售代表底薪5-8k,北京鹏泰互动广告有限公司上海分公司,2640.0
业务助理,上海永乐数码科技股份有限公司,6000.0
星探/经纪人,上海永乐数码科技股份有限公司,3300.0
星探/经纪人,拉码商务咨询（上海）有限公司,6000.0
新媒体运营,CJ CGV国际影城中国总部,4500.0
星探/经纪人,CJ CGV国际影城中国总部,6000.0
销售助理/销售支持,莱特泰克（上海）光电科技有限公司,6000.0
澳洲打工度假签证名额现已开放 名额有限 先到先得,上海毓果文化传播有限公司,6666.666666666666
毕业后可以到国外做一名中文老师,上海毓果文化传播有限公司,8333.333333333334
到欧美国家工作学生生活便捷的方式--欧美互惠生,上海毓果文化传播有限公司,3300.0
欧美互惠生 让你开阔眼界 提升英语 拥有国际人脉,公司名,0
欧美互惠生 让你开阔眼界 提升英语 拥有国际人脉,上海毓果文化传播有限公司,6666.666666666666
到欧美国家工作学习生活最便捷的方式--欧美互惠生,上海易贸商务发展有限公司,6000.0
欧美互惠生 让你开阔眼界 提升英语 拥有国际人脉,上海易贸商务发展有限公司,6000.0
欧美互惠生 让你开阔眼界 提升英语 拥有国际人脉,上海易贸商务发展有限公司,8000.0
欧美互惠生 让你开阔眼界 提升英语 拥有国际人脉,上海都赛信息科技股份有限公司,5000.0
展览销售经理/总监,上海赛野展览展示有限公司,6000.0
展览销售,上海奥辰广告有限公司,4000.0
展览业务员/展览销售,上海奥辰广告有限公司,6000.0
客户执行,上海奥辰广告有限公司,2000.0
AE客户执行,上海奥辰广告有限公司,4500.0
专业培训师傅带高达45提成，你有赚钱的欲望我给你机会,上海奥辰广告有限公司,3000.0
无责任底薪4000起，45高提成，我的团队就是你的捷径,上海奥辰广告有限公司,3000.0
无责任底薪4000起，45高提成，我的团队就是你的捷径,东方福利网,8333.333333333334
Manager  储备分行经理（无责任底薪6k-9k）,东方福利网,8333.333333333334
专业培训师傅带高达45提成，你有赚钱的欲望我给你机会,东方福利网,8333.333333333334
国内销售 内贸业务员,上海赢叁文化传播有限公司,10000.0
国内销售专员,中原地产（中国上海）,8000.0
外贸业务员包吃住,中原地产（中国上海）,8000.0
卖展示器材/外贸业务员高薪,中原地产（中国上海）,8000.0
外贸业务员 包吃住,中原地产（中国上海）,9000.0
高薪，外贸业务员，英语跟单,中原地产（中国上海）,10000.0
内贸业务员,中原地产（中国上海）,8000.0
高薪外贸业务员包吃住,中原地产（中国上海）,8000.0
外贸业务员，英语跟单,中原地产（中国上海）,8000.0
文案,上海盟轩展览服务有限公司,8000.0
大数据分析师（应届毕业生可投）,上海盟轩展览服务有限公司,8000.0
总裁办助理（应届生）,上海盟轩展览服务有限公司,6000.0
视频剪辑/制作（欢迎应届毕业生）,上海盟轩展览服务有限公司,8000.0
网络主播,上海盟轩展览服务有限公司,6000.0
IT运维专员,上海哲基数字科技有限公司,2640.0
项目助理,上海堂玺文化发展有限公司,5000.0
运营助理,熊客文化传媒（上海）有限公司,2200.0
展会销售/销售代表/外展销售/电话销售,上海必响文化传媒有限公司,6000.0
电话销售,上海必响文化传媒有限公司,6000.0
外展销售,上海必响文化传媒有限公司,4500.0
(Sr.) HR Assistant,上海必响文化传媒有限公司,6000.0
Account Executive,上海创彩广告有限公司,3000.0
书法老师,青岛中优德惠文化交流咨询有限公司,8000.0
境外财务专员（工作地点迪拜）,青岛中优德惠文化交流咨询有限公司,8000.0
摄影助理,青岛中优德惠文化交流咨询有限公司,6000.0
社会化媒体运营专员,青岛中优德惠文化交流咨询有限公司,6000.0
策展助理,青岛中优德惠文化交流咨询有限公司,6000.0
采购助理,青岛中优德惠文化交流咨询有限公司,6000.0
管理培训生,青岛中优德惠文化交流咨询有限公司,5000.0
销售,青岛中优德惠文化交流咨询有限公司,6000.0
平面设计助理,青岛中优德惠文化交流咨询有限公司,6000.0
创意设计师（社会化媒体）,恩加展览展示（上海）有限公司,8000.0
网红主播,恩加展览展示（上海）有限公司,3000.0
国际会议顾问/英语会议销售,恩加展览展示（上海）有限公司,3000.0
海外会议顾问/国际英语销售,上海银橙文化传媒股份有限公司,4500.0
会议顾问-英语销售代表,公司名,0
项目策划专员/国际会议策划,上海银橙文化传媒股份有限公司,4000.0
IT主管,中原地产（中国上海）,8000.0
最高4500底薪  诚聘销售精英 提供住宿,中原地产（中国上海）,8000.0
销售代表,中原地产（中国上海）,8000.0
电话销售,中原地产（中国上海）,9000.0
前台行政,中原地产（中国上海）,8000.0
销售助理,上海尤特实业有限公司,6400.0
旅行顾问,上海尤特实业有限公司,6400.0
市场助理,上海尤特实业有限公司,6400.0
外贸销售,上海尤特实业有限公司,6400.0
校园招聘专员,上海尤特实业有限公司,6400.0
诚聘一手房销售 储备经理 无责任底薪4500--7500,上海尤特实业有限公司,6400.0
中原大平台 一手房销售 月薪过两万,上海尤特实业有限公司,6400.0
诚聘一手房销售经英 专卖一手 我们是认真的,上海尤特实业有限公司,6400.0
中原地产北区一手房销售部接受无经验的员工来应聘啦,上海尤特实业有限公司,6400.0
生活不止眼前的苟且 还有中原一手房给你机会挑战辉煌,上海尚因文化传播有限公司,4000.0
前台客服（巧虎kids早教中心顾村公园店）,浙江瀚叶股份有限公司上海分公司,6000.0
早教中心行政前台,浙江瀚叶股份有限公司上海分公司,6000.0
市场推广***,江苏联影影视文化版权服务有限公司,3000.0
前台（巧虎kids）,上海小田仆刻网络科技有限公司,10000.0
前台客服 巧虎kids顾村正大中心 7号线顾村公园,上海小田仆刻网络科技有限公司,4500.0
巧虎kids早教中心顾村店 前台客服,上海奥昱博广告有限公司,2500.0
高级销售顾问,上海奥昱博广告有限公司,4500.0
浦东会展订房电销客服,上海达欧展览服务有限公司,4000.0
会展酒店预订客服计调,上海达欧展览服务有限公司,4000.0
会展展台搭建销售,上海达欧展览服务有限公司,4000.0
市场拓展专员,上海奥美广告有限公司,4500.0
大客户专员 Key Account Executive,上海奥美广告有限公司,5000.0
订单处理专员,小主人企业管理（上海）有限公司,4500.0
阿里巴巴运营助理/专员,上海格博展览股份有限公司,5000.0
广告车间操作工,上海书然文化传播有限公司,3300.0
设备维修工程师,上海书然文化传播有限公司,4500.0
新媒体商务BD,德马吉国际展览有限公司,10000.0
总经理助理,德马吉国际展览有限公司,3000.0
淘宝主播/网络销售,德马吉国际展览有限公司,6000.0
项目助理,德马吉国际展览有限公司,6000.0
中原工商部直招,上海颐仁广告有限公司,4500.0
行政助理,骥亿（上海）文化传媒有限公司,6000.0
客户助理,上海源倩文化发展有限公司,8000.0
项目助理（无经验）,上海会宣商务咨询有限公司,6000.0
课程顾问/课程专家（上海）,上海会宣商务咨询有限公司,6000.0
电话邀约专员/inside sales,上海会宣商务咨询有限公司,10000.0
动画渲染（可应届生）,上海会宣商务咨询有限公司,6000.0
物业顾问,上海影筑影院管理有限公司,5000.0
课程顾问/销售主管/课程咨询主管（外高桥校区）,中原地产（中国上海）,10000.0
课程顾问/销售主管/课程咨询主管（曹路校区）,奕齐集团,6000.0
课程顾问/销售主管/课程咨询主管（利津路校区）,奕齐集团,6000.0
厂长助理,上海晟明行企业发展有限公司,3000.0
客服专员,上海晟明行企业发展有限公司,3000.0
设计师助理-应届毕业生,上海晟明行企业发展有限公司,4500.0
前台接待,公司名,0
人力资源管理,上海晟明行企业发展有限公司,4000.0
客户经理,上海追越会展服务有限公司,6000.0
猎头行业+业务拓展专员+人脉积累,上海国德网络科技有限公司,4500.0
招聘业务拓展+周末双休+人脉积累,中原地产（中国上海）,20000.0
销售代表+周末双休――月7000,中原地产（中国上海）,20000.0
服务员,中原地产（中国上海）,25000.0
业务部项目执行/行政/助理,中原地产（中国上海）,25000.0
业务部项目执行/行政/助理,中原地产（中国上海）,20000.0
业务助理,上海童挚教育科技有限公司,4000.0
三维设计,上海童挚教育科技有限公司,4000.0
三维设计助理,上海童挚教育科技有限公司,3300.0
项目助理,上海童挚教育科技有限公司,3500.0
财经公关项目助理/IPO项目助理,上海童挚教育科技有限公司,3500.0
课程教学（编程类）,上海童挚教育科技有限公司,3500.0
电商运营助理,上海迈玺商贸有限公司,4000.0
客服专员,上海盟轩展览服务有限公司,6000.0
自媒体运营专员,上海盟轩展览服务有限公司,6000.0
新媒体运营,上海洲创展览有限公司,8333.333333333334
工业设计软件课程助教,上海安擎商务咨询有限公司,6000.0
英语项目经理（可应届生）,上海安擎商务咨询有限公司,6000.0
导演（可应届生）,远誉广告（中国）有限公司,4500.0
日语项目经理（可应届生）,上海诺宣包装科技有限公司,4500.0
文员,上海明阔电子科技有限公司,3500.0
见习记者,上海明阔电子科技有限公司,4000.0
文案策划（古风向）,上海漱石信息技术有限公司,3000.0
销售顾问,上海漱石信息技术有限公司,8000.0
大客户销售代表,合抱文化传播（上海）有限公司,3000.0
出纳,上海艺闪数字科技有限公司,5000.0
流控助理,中原地产（中国上海）,15000.0
创意美术老师,励维营销策划（上海）有限公司,3500.0
BD助理,励维营销策划（上海）有限公司,4000.0
销售助理（国际市场方向）,励维营销策划（上海）有限公司,2500.0
平面设计,南京牛班文化艺术培训有限公司,8000.0
建筑分镜脚本师,南京牛班文化艺术培训有限公司,6000.0
大客户销售,上海臻尚数码科技有限公司,4000.0
审单员,中原地产（中国上海）,5000.0
财务助理,上海浦东新区外高桥文体艺术培训中心,6000.0
Planner-合同工,上海浦东新区外高桥文体艺术培训中心,6000.0
海外运营,上海浦东新区外高桥文体艺术培训中心,6000.0
行政前台,上海舞雅文化传播有限公司,3000.0
大客户销售,上海路音季文化传媒有限公司,4000.0
销售专员,上海咕嘟广告有限公司,3000.0
大客户销售,上海迈玺商贸有限公司,4000.0
中医课程助理,上海锐普广告有限公司,6000.0
大客户销售,上海锐普广告有限公司,4500.0
大客户销售,以尧企业发展（上海）有限公司,6000.0
新媒体编辑,以尧企业发展（上海）有限公司,6000.0
大客户销售,以尧企业发展（上海）有限公司,6000.0
大客户销售,上海网恒文化传播有限公司,3000.0
修片师学徒,上海捷恩斯企业形象策划有限公司,5000.0
客服代表,公司名,0
销售代表包食宿,上海捷恩斯企业形象策划有限公司,5000.0
Assistant Account Executive,上海捷恩斯企业形象策划有限公司,5000.0
影院服务员,上海比逊广告有限公司,8000.0
采购内勤,上海比逊广告有限公司,6000.0
丝印 / 喷漆操作工,上海比逊广告有限公司,3000.0
国际市场推广,深圳市九富投资顾问有限公司北京分...,6000.0
项目助理,上海指道教育科技有限公司,6000.0
办公室文员,上海曼食文化传播有限公司,3000.0
提供住宿+带薪培训+挑战高薪 大平台大机遇,上海曼食文化传播有限公司,5000.0
大客户销售,DigitalX 成势广告（上海）有限公司,4000.0
大客户销售,上海盛鸪广告有限公司,4500.0
趁年轻可以辛苦几年，可千万别辛苦一辈子,上海浪尖工业设计有限公司,3000.0
wangli69,上海臻尚数码科技有限公司,7000.0
大客户销售,上海臻尚数码科技有限公司,4500.0
急聘  展览设计师/3D设计师/会展设计师,上海臻尚数码科技有限公司,7000.0
展览设计师/3D设计师/会展设计师,上海舜联文化传播有限公司,3000.0
大客户销售,上海舜联文化传播有限公司,3000.0
大客户销售,上海索来文化传播有限公司,5000.0
化妆师助理,上海腾榕文化传播有限公司,4500.0
大客户销售,上海腾榕文化传播有限公司,8000.0
Analytics Executive,上海威怡广告有限公司,4000.0
出纳员,上海威怡广告有限公司,2000.0
项目助理,上海绘悟文化艺术发展有限公司,4500.0
出纳员,东方福利网,5000.0
地推/销售/促销员,丝路视觉科技股份有限公司上海分公司,4500.0
大客户销售,丝路视觉科技股份有限公司上海分公司,4000.0
大客户销售,丝路视觉科技股份有限公司上海分公司,6000.0
大客户销售,东方福利网,8333.333333333334
大客户销售,深圳新景界国际会议展览有限公司上...,4500.0
大客户销售,深圳新景界国际会议展览有限公司上...,3500.0
大客户销售,凯帝珂广告（上海）有限公司,3000.0
大客户销售,上海帕沃营销策划有限公司,6000.0
新媒体编辑,上海国德网络科技有限公司,4000.0
教务行政/教务管理,东方福利网,8333.333333333334
销售行政助理,商众世纪传媒广告（北京）有限公司,8000.0
房产销售业务Sales（无责任底薪6k-9k提供住宿）D,东方福利网,8333.333333333334
前台文员,上海自道精舍文化传播有限公司,4500.0
案场销售,东方福利网,8333.333333333334
数据分析员 数据运营,东方福利网,8333.333333333334
会议销售代表,上海达氪车网络科技有限公司,3000.0
导购员/营业员/销售员（家电）,东方福利网,8333.333333333334
大客户销售,东方福利网,8333.333333333334
大客户销售,上海茉莉花开摄影有限公司,3000.0
销售代表,上海东方激光教育文化有限公司,3000.0
大客户销售,上海东方激光教育文化有限公司,3000.0
大客户销售,罗德公共关系顾问（北京）有限公司,4500.0
挑战高薪点进来,大地影院发展有限公司北京销售分公司,3000.0
大客户销售,上海哲乘广告有限公司,4000.0
大客户销售,上海雅涛企业形象设计有限公司,4500.0
大客户销售,上海艾歌展览服务有限公司,4500.0
大客户销售,公司名,0
上海环艺影院合同制全职服务员,上海艾歌展览服务有限公司,3000.0
房地产销售/月薪3500-5000+提成45/诚聘你加入,上海鸢飞文化策划有限公司,3000.0
大公司中原地产直招地产销售顾问，无需经验直招,中原地产（中国上海）,10000.0
Manager  储备分行经理（无责任底薪6k-9k）,东方福利网,8333.333333333334
房产销售业务Sales（无责任底薪6k-9k提供住宿）,东方福利网,8333.333333333334
大客户销售,中原地产（中国上海）,16666.666666666668
大客户销售,中原地产（中国上海）,16666.666666666668
CAD绘图员,东方福利网,8333.333333333334
大客户销售,上海荣济展览有限公司,6000.0
大客户销售,上海荣济展览有限公司,6000.0
高端销售丨招贤纳士丨成就不一样的你丨年薪30万起,东方福利网,8333.333333333334
出纳员,东方福利网,8333.333333333334
行政文员,嘉豪投资集团,3000.0
大客户销售,东方福利网,8333.333333333334
大客户销售,北京恒美广告有限公司上海分公司,8000.0
大客户销售,上海雅诗建筑工程有限公司,3000.0
大客户销售,上海雅诗建筑工程有限公司,3000.0
大客户销售,上海雅诗建筑工程有限公司,3000.0
大客户销售,艺厨乐（上海）文化创意有限公司,2200.0
UI设计师(偏视觉),东方福利网,8333.333333333334
喷绘制作后道加工员 Finishing Specialist,东方福利网,8333.333333333334
韩国网红LIne旗舰店新开业急招店员待遇优,东方福利网,8333.333333333334
影楼排版学徒,东方福利网,8333.333333333334
大客户销售,东方福利网,8333.333333333334
大客户销售,东方福利网,8333.333333333334
大客户销售,东方福利网,8333.333333333334
大客户销售,青年报社,4500.0
项目助理/客户助理,上海赞旭文化传播有限公司,4500.0
海外助理/涉外助理/英语助理,上海智享会商务服务有限公司,6000.0
大客户销售,中原地产（中国上海）,10000.0
外贸业务助理,上海赞旭文化传播有限公司,4500.0
大客户销售,上海长武市场营销策划有限公司,15000.0
门市咨询顾问,上海三渡文化传播有限公司,5000.0
门市选片师,上海捷恺商务咨询管理有限公司,4000.0
门市销售,上海长武市场营销策划有限公司,8000.0
大客户销售,东方福利网,8333.333333333334
摄影助理,东方福利网,8333.333333333334
音乐课程顾问/电话销售（底薪5千）,范丝堂（上海）文化信息咨询有限公司,6000.0
赛事直播技术人员,东方福利网,8333.333333333334
项目执行（AE）,东方福利网,8333.333333333334
生活文献广告中心助理,上海琼楼文化发展有限公司,10000.0
新传媒法务\金融设计室助理,东方福利网,8333.333333333334
行政中心（统配）办公室文员,东方福利网,8333.333333333334
国际生活频道生活文献教育节目编导、视频节目制作,东方福利网,8333.333333333334
总监助理,东方福利网,8333.333333333334
教务前台,上海梅龙镇广场环艺娱乐管理有限公司,4500.0
音乐（钢琴、声乐、架子鼓）,中原地产（中国上海）,8000.0
幼教,中原地产（中国上海）,8000.0
房地产经纪人,中原地产（中国上海）,9000.0
房产销售 毕业生 月薪5500-20000 高达45提成 不限经验,中原地产（中国上海）,10000.0
商业地产案场销售+朝九晚六+高底薪,公司名,0
商业地产案场销售+朝九晚六+高底薪,东方福利网,8333.333333333334
房地产经纪人,东方福利网,8333.333333333334
销售顾问,上海岚迈建设工程有限公司,4000.0
网络销售专员,东方福利网,8333.333333333334
房地产置业顾问,东方福利网,8333.333333333334
电话销售,中原地产（中国上海）,25000.0
销售代表,上海茉莉花开摄影有限公司,4500.0
案场销售,上海旖飞科技发展有限公司,3500.0
渠道销售专员,东方福利网,8333.333333333334
销售代表,东方福利网,8333.333333333334
电话客服专员,东方福利网,8333.333333333334
电话销售,东方福利网,8333.333333333334
房产经纪人,东方福利网,8333.333333333334
销售业务员,东方福利网,8333.333333333334
"电话销售,",上海浪尖工业设计有限公司,4000.0
招聘一手房置业顾问,普芮米卡勒数码影像科技（上海）有...,3000.0
电话客服专员,北京外企德科人力资源服务上海有限...,4500.0
网络销售专员,上海茉莉花开摄影有限公司,1500.0
电话销售,东方福利网,8333.333333333334
销售代表,东方福利网,8333.333333333334
淘宝客服,东方福利网,8333.333333333334
置业顾问,东方福利网,8333.333333333334
销售代表,现代传播（珠海）科技有限公司上海...,4500.0
网络销售专员,上海艺闪数字科技有限公司,5000.0
电话销售,东方福利网,8333.333333333334
"电话销售,",开成兴业（上海）礼品有限公司,3000.0
销售专员,东方福利网,8333.333333333334
电话销售,汪正影业国际儿童摄影,8000.0
销售代表,汪正影业国际儿童摄影,8000.0
电话网络销售,汪正影业国际儿童摄影,8000.0
网络销售专员,东方福利网,8333.333333333334
销售专员,汪正影业国际儿童摄影,4500.0
淘宝客服,上海韶英教育科技有限公司,6000.0
销售代表,月蚀文化传媒（上海）有限公司,4500.0
房地产经纪人,上海星索广告传媒有限公司,3000.0
电话销售,上海荧星影视艺术有限公司,2000.0
上海Publisher AM,上海荧星影视艺术有限公司,2000.0
市场专员,上海荧星影视艺术有限公司,2000.0
行政专员,上海荧星影视艺术有限公司,2000.0
小学语文老师,上海佳势展陈装饰设计工程有限公司,4500.0
3D设计师,上海声亚文化传播有限公司,3500.0
客户服务助理 Account Executive Assistant,上海声亚文化传播有限公司,8000.0
招聘市场督导,上海声亚文化传播有限公司,6000.0
大客户经理,中原地产（中国上海）,10000.0
化妆助理,中原地产（中国上海）,10000.0
手机段子直播,中原地产（中国上海）,10000.0
招聘网络直播网红,中原地产（中国上海）,15000.0
淘宝直播视频直播,中原地产（中国上海）,10000.0
房地产经纪人,中原地产（中国上海）,15000.0
大客户销售,中原地产（中国上海）,15000.0
大客户销售,公司名,0
大客户销售,中原地产（中国上海）,15000.0
大客户销售,中原地产（中国上海）,15000.0
大客户销售,中原地产（中国上海）,15000.0
项目执行 /  平面 3D设计师,中原地产（中国上海）,15000.0
王者荣耀编辑/记者,中原地产（中国上海）,15000.0
SAT/ACT/TOEFL助教,中原地产（中国上海）,15000.0
大客户销售,中原地产（中国上海）,15000.0
人事行政助理,中原地产（中国上海）,15000.0
地推督导,中原地产（中国上海）,15000.0
大客户销售,中原地产（中国上海）,15000.0
急需30名业务+5位储备经理（无经验要求）,中原地产（中国上海）,8333.333333333334
区域扩招丨急需大量销售人员+储备经理,中原地产（中国上海）,6000.0
招聘行业新人丨培养储备经理丨年收入20万起,中原地产（中国上海）,15000.0
储备经理招聘丨免费培训丨高底薪+高提成,中原地产（中国上海）,15000.0
招聘储备经理丨4500底薪+45提成,中原地产（中国上海）,15000.0
招聘储备经理丨无经验培育丨稳定底薪+提成,中原地产（中国上海）,15000.0
招聘储备经理丨底薪4000起丨提供住宿,中原地产（中国上海）,15000.0
冠军销售团队丨带你一年买车+两年买房,中原地产（中国上海）,15000.0
一手房产销售丨年收入30万起丨储备干部+透明晋升,中原地产（中国上海）,15000.0
挑战年薪百万丨一年买车+两年买房,中原地产（中国上海）,15000.0
一年买车+两年买房丨努力让自己年薪百万,中原地产（中国上海）,15000.0
冠军团队欢迎你丨一年买车+两年买房,中原地产（中国上海）,10000.0
一手房销售丨挑战年薪百万丨提供住宿+高底薪,中原地产（中国上海）,15000.0
房产销售招聘丨寻有志者丨挑战年薪百万,中原地产（中国上海）,15000.0
挑战年薪百万丨欢迎小白的你丨,中原地产（中国上海）,15000.0
区域扩大丨急需精英干将丨5000底薪+高提成,中原地产（中国上海）,15000.0
挑战百万年薪丨一年买车两年买房丨提供住宿,中原地产（中国上海）,15000.0
挑战年薪百万丨高底薪+高提成丨等你来战,中原地产（中国上海）,15000.0
来中原-挑战年薪百万丨成就不一样的自己丨,中原地产（中国上海）,15000.0
房产销售+年收入30起+底薪5000+高提成,中原地产（中国上海）,15000.0
旺年招贤纳士丨一年买车两年买房丨年收入30万起,中原地产（中国上海）,15000.0
插画师,中原地产（中国上海）,15000.0
门市销售,DotC United Group,5000.0
绘画老师,上海赞旭文化传播有限公司,6000.0
渠道推广专员,上海赞旭文化传播有限公司,4500.0
大客户销售,上海赞旭文化传播有限公司,5000.0
大客户销售,上海时讯广告传媒有限公司,4166.666666666667
大客户销售,普芮米卡勒数码影像科技（上海）有...,4000.0
大客户销售,上海噜逗餐饮管理有限公司,5000.0
大客户销售,上海帛景文化传播有限公司,10000.0
大客户销售,汪正影业国际儿童摄影,3000.0
大客户销售,上海乔介网络科技有限公司,6000.0
大客户销售,上海乔介网络科技有限公司,6000.0
大客户销售,上海乔介网络科技有限公司,8000.0
棋牌类运营,中原地产（中国上海）,5000.0
大客户销售,东方福利网,8333.333333333334
大客户销售,东方福利网,8333.333333333334
大客户销售,东方福利网,8333.333333333334
大客户销售,东方福利网,8333.333333333334
大客户销售,东方福利网,8333.333333333334
大客户销售,公司名,0
大客户销售,上海拓茨广告有限公司,3000.0
大客户销售,虎扑,6000.0
大客户销售,上海安多福教育培训有限公司,8333.333333333334
大客户销售,东方福利网,8333.333333333334
大客户销售,上海思途文化传播有限公司,3000.0
大客户销售,上海思途文化传播有限公司,3000.0
大客户销售,东方福利网,8333.333333333334
外贸助理,中原地产（中国上海）,8000.0
销售经理,中原地产（中国上海）,15000.0
场地销售,中原地产（中国上海）,16666.666666666668
MG动画/AE动画/二维动画制作,中原地产（中国上海）,8000.0
MG动画/AE动画/二维动画制作,中原地产（中国上海）,15000.0
MG动画/AE动画/二维动画制作,中原地产（中国上海）,12500.0
大客户销售,中原地产（中国上海）,12500.0
销售助理 Sales Assistant,中原地产（中国上海）,20833.333333333336
业务开发助理（奢侈品及时尚行业）BD Assistant,中原地产（中国上海）,25000.0
物流助理,中原地产（中国上海）,8000.0
应届毕业生,中原地产（中国上海）,16666.666666666668
客户服务助理 Account Executive Assistant,中原地产（中国上海）,25000.0
大客户销售,中原地产（中国上海）,25000.0
审核员,中原地产（中国上海）,8000.0
二次元ACG衍生品绘画平面设计师,中原地产（中国上海）,25000.0
投资助理,中原地产（中国上海）,8000.0
转播技术工程师,中原地产（中国上海）,8000.0
后期制作,中原地产（中国上海）,8000.0
课程顾问,中原地产（中国上海）,25000.0
市场专员（包住宿）,中原地产（中国上海）,25000.0
经理助理（提供宿舍）,中原地产（中国上海）,8000.0
一手房销售（包住宿）,多励文化传播（上海）有限公司,2640.0
助理督导行政秘书 文员（长宁上班+季度花红+津贴),汪正影业国际儿童摄影,8000.0
大客户销售,上海合志文化传播有限公司,4500.0
网络客服销售,上海帛景文化传播有限公司,10000.0
中原地产高薪招聘商业地产置业顾问 欢迎毕业生,东方福利网,8333.333333333334
招商助理,东方福利网,8333.333333333334
高薪急聘一手房销售经理,东方福利网,8333.333333333334
房地产销售/月薪4500-8500+提成40/诚聘你加入,东方福利网,8333.333333333334
房地产销售/月薪4500-8500+提成40/诚聘你加入,东方福利网,8333.333333333334
房产销售 毕业生 月薪3500-5000 高达45提成 不限经验,东方福利网,8333.333333333334
大公司中原地产直招地产销售顾问，无需经验直招,东方福利网,8333.333333333334
大公司中原地产直招地产销售顾问，无需经验直招,东方福利网,8333.333333333334
大公司中原地产直招地产销售顾问，无需经验直招,东方福利网,8333.333333333334
大公司中原地产直招地产销售顾问，无需经验直招,上海耀宇文化传媒股份有限公司,5000.0
大客户销售,东方福利网,8333.333333333334
大客户销售,东方福利网,8333.333333333334
文案,东方福利网,8333.333333333334
大客户销售,东方福利网,8333.333333333334
大客户销售,东方福利网,8333.333333333334
业务暨策划助理,东方福利网,8333.333333333334
主播星探,东方福利网,8333.333333333334
后期修片,东方福利网,8333.333333333334
软装设计师助理,公司名,0
服装设计师助理,东方福利网,8333.333333333334
