Headline Daily (Chinese: ^l日),"Free Chinese-language newspaper covering headlines real estate, business, stock market, financial news, sports, lifestyles, and entertainment."
Oriental Daily News (Chinese: |方日),One of the most the most widely circulated daily newspapers in Hong Kong. The newspaper published by Oriental Press Group Limited.
The Standard (In English),"Fee English-language newspaper featuring health, sports, entertainment, business, and more. The newspaper owned by the SCMP Group."
Ming Pao (Chinese: 明),"Chinese-language daily newspaper in Hong Kong, owned by the Media Chinese International Limited. The newspaper has Canadian editions Ming Pao Vancouver and Ming Pao Toronto."
Apple Daily (Chinese: O果日),"Hong Kong based Chinese-language newspaper. The newspaper was founded in 1995, owned by the Next Media Limited."
Sun (Chinese: 太阳报),The newspaper owned by the Oriental Press Group Limited.
Sing Tao (Chinese: 星u日,"One of the most widely read newspapers published in Hong Kong. The newspaper owned by Sing Tao News Corporation Limited. The Sing Tao has bureaus in major cities including Toronto, Vancouver, Calgary, Sydney, London, New York, Los Angeles, and San Francisco."
Hong Kong Commercial Daily (Chinese: 香港商),"Daily business newspaper provides analysis of financial markets, industries, and companies."
Hong Kong Economic Journal (Chinese: 信筘新)," Hong Kong based Chinese-language daily newspaper focuses on economic news, and business coverage."
Hong Kong Economic Times (Chinese: 香港日),"Hong Kong's financial newspaper published in Chinese-language. The newspaper contains articles about business, investment & financial, real estate, trade & industry, and IT news."
Ta Kung Pao (Chinese: 大公),"Chinese language newspaper covering sports, business, entertainment, and community. The newspaper has many regional offices in mainland China, including  Beijing, Guangzhou, Shanghai, and Tianjin."
Wen Wei Po (Chinese: 文R),One of the leading Chinese-language newspapers.
Kung Kao Po (Chinese: 公教)," Weekly newspaper in Hong Kong headquarters in 16 Caine Road, Hong Kong Island. The newspaper owned by the Catholic Diocese of Hong Kong."
South China Morning Post,"English-language newspaper in Hong Kong features business, entertainment, sports and other news."
Sunday Examiner,English-language weekly newspaper owned by the Catholic Diocese of Hong Kong. The Sunday Examiner distributed Catholic churches in Hong Kong.
China Daily Hong Kong Edition,Regional headquarters of The Wall Street Journal in Hong Kong.
Wall Street Journal Asia,Hong Kong's one of a few Japanese newspapers.
Hong Kong Post,Free Chinese-language newspaper published in Hong Kong.
AM730,HK edition of Taiwanese news site.
Financial Times (online edition in Chinese),"Founded in 1939 Sing Pao is the oldest Chinese-language newspaper in Hong Kong. The newspaper provides local, national, and international news, as well as coverage of sports, business, health, education, entertainment, and more."
news.gov.hk,One of the largest daily newspapers in Hong Kong. The newspaper owned by the Metro International and published in traditional Chinese-language.
